macro_name,file,value,category,recompute_phase,notes
\numManualScenarios,paper/auto_numbers.tex,105,A,,system/structural constant
\numAutoScenarios,paper/auto_numbers.tex,601,A,,system/structural constant
\constraintDensityP,paper/auto_numbers.tex,0.004,A,,override
\ablationOvergenPct,paper/auto_numbers.tex,81.57,A,,system/structural constant
\ablationFPRate,paper/auto_numbers.tex,33.87,B,Phase 3,verdict-dependent (ablation)
\ablationFNRate,paper/auto_numbers.tex,35.16,B,Phase 3,verdict-dependent (ablation)
\enginePrecision,paper/auto_numbers.tex,0.217,A,,override
\engineRecall,paper/auto_numbers.tex,0.481,A,,override
\numMainGraphs,paper/auto_numbers.tex,20,A,,override
\numHoldoutGraphs,paper/auto_numbers.tex,5,A,,override
\fleissKappa,paper/auto_numbers.tex,0.145,B,Phase 3,verdict-dependent (kappa)
\cochransQP,paper/auto_numbers.tex,$<$0.001,B,Phase 3,verdict-dependent (cochran)
\numRankReversals,paper/auto_numbers.tex,231,B,Phase 3,verdict-dependent (reversal)
\difficultyCohenD,paper/auto_numbers.tex,-0.3744,B,Phase 3,verdict-dependent (cohen)
\difficultyKSP,paper/auto_numbers.tex,0.000186,B,Phase 3,default (unclassified)
\looSpearman,paper/auto_numbers.tex,0.96,B,Phase 3,verdict-dependent (spearman)
\faAC,paper/auto_numbers.tex,42.5,B,Phase 3,verdict-dependent (fa)
\faAllOblivious,paper/auto_numbers.tex,11.6,B,Phase 3,verdict-dependent (fa)
\faAllObliviousCount,paper/auto_numbers.tex,1959,B,Phase 3,verdict-dependent (fa)
\faCGA,paper/auto_numbers.tex,0.0,B,Phase 3,verdict-dependent (fa)
\faCTwo,paper/auto_numbers.tex,14.0,B,Phase 3,verdict-dependent (fa)
\faMAB,paper/auto_numbers.tex,31.9,B,Phase 3,verdict-dependent (fa)
\faNAC,paper/auto_numbers.tex,7202,B,Phase 3,verdict-dependent (fa)
\faNCGA,paper/auto_numbers.tex,0,B,Phase 3,verdict-dependent (fa)
\faNCTwo,paper/auto_numbers.tex,2372,B,Phase 3,verdict-dependent (fa)
\faNMAB,paper/auto_numbers.tex,5406,B,Phase 3,verdict-dependent (fa)
\medDgAC,paper/auto_numbers.tex,2.0,B,Phase 3,default (unclassified)
\medDgACov,paper/auto_numbers.tex,2.0,B,Phase 3,verdict-dependent (acov)
\medDgCGA,paper/auto_numbers.tex,0.0,B,Phase 3,verdict-dependent (cga)
\medDgCTwo,paper/auto_numbers.tex,1.0,B,Phase 3,verdict-dependent (ctwo)
\medDgDxEM,paper/auto_numbers.tex,2.0,B,Phase 3,verdict-dependent (dxem)
\medDgMAB,paper/auto_numbers.tex,2.0,B,Phase 3,default (unclassified)
\medViolFaCTwo,paper/auto_numbers.tex,1.0,B,Phase 3,verdict-dependent (fa)
\medViolFaMAB,paper/auto_numbers.tex,2.0,B,Phase 3,verdict-dependent (fa)
\medianViolFalseAccept,paper/auto_numbers.tex,2.0,B,Phase 3,verdict-dependent (fa)
\pairDisagreeMax,paper/auto_numbers.tex,10231,B,Phase 3,default (unclassified)
\verdictFlipCount,paper/auto_numbers.tex,14240,B,Phase 3,verdict-dependent (verdict)
\verdictFlipRate,paper/auto_numbers.tex,84.0,B,Phase 3,verdict-dependent (verdict)
\verdictFlipRateMatched,paper/auto_numbers.tex,82.9,B,Phase 3,verdict-dependent (verdict)
\verdictFlipRateMatchedFifty,paper/auto_numbers.tex,82.9,B,Phase 3,verdict-dependent (verdict)
\verdictFlipRateMatchedForty,paper/auto_numbers.tex,78.9,B,Phase 3,verdict-dependent (verdict)
\verdictFlipRateMatchedThirty,paper/auto_numbers.tex,78.1,B,Phase 3,verdict-dependent (verdict)
\vfACvsCGA,paper/auto_numbers.tex,10186,B,Phase 3,verdict-dependent (fa)
\vfACvsCGAPct,paper/auto_numbers.tex,60.1,B,Phase 3,verdict-dependent (fa)
\vfACvsCTwo,paper/auto_numbers.tex,8283,B,Phase 3,verdict-dependent (fa)
\vfACvsCTwoPct,paper/auto_numbers.tex,48.9,B,Phase 3,verdict-dependent (fa)
\vfACvsMAB,paper/auto_numbers.tex,4707,B,Phase 3,verdict-dependent (fa)
\vfACvsMABPct,paper/auto_numbers.tex,27.8,B,Phase 3,verdict-dependent (fa)
\vfCTwovsCGA,paper/auto_numbers.tex,7097,B,Phase 3,verdict-dependent (cga)
\vfCTwovsCGAPct,paper/auto_numbers.tex,41.9,B,Phase 3,verdict-dependent (cga)
\vfMABvsCGA,paper/auto_numbers.tex,10231,B,Phase 3,verdict-dependent (cga)
\vfMABvsCGAPct,paper/auto_numbers.tex,60.4,B,Phase 3,verdict-dependent (cga)
\vfMABvsCTwo,paper/auto_numbers.tex,8678,B,Phase 3,verdict-dependent (ctwo)
\vfMABvsCTwoPct,paper/auto_numbers.tex,51.2,B,Phase 3,verdict-dependent (ctwo)
\bsrAC,paper/auto_numbers.tex,42.5,B,Phase 2,verdict-dependent (bsr)
\bsrACov,paper/auto_numbers.tex,42.5,B,Phase 2,verdict-dependent (bsr)
\bsrCGA,paper/auto_numbers.tex,0.0,B,Phase 2,verdict-dependent (cga)
\bsrCTwo,paper/auto_numbers.tex,14.0,B,Phase 2,verdict-dependent (ctwo)
\bsrDxEM,paper/auto_numbers.tex,50.5,B,Phase 2,verdict-dependent (bsr)
\bsrMAB,paper/auto_numbers.tex,31.9,B,Phase 2,verdict-dependent (bsr)
\bsrMaxOblivious,paper/auto_numbers.tex,50.5,B,Phase 2,verdict-dependent (bsr)
\bsrMinOblivious,paper/auto_numbers.tex,14.0,B,Phase 2,verdict-dependent (bsr)
\bsrNAC,paper/auto_numbers.tex,7202,B,Phase 2,verdict-dependent (bsr)
\bsrNACov,paper/auto_numbers.tex,7202,B,Phase 2,verdict-dependent (bsr)
\bsrNCGA,paper/auto_numbers.tex,0,B,Phase 2,verdict-dependent (cga)
\bsrNCTwo,paper/auto_numbers.tex,2372,B,Phase 2,verdict-dependent (ctwo)
\bsrNDxEM,paper/auto_numbers.tex,8553,B,Phase 2,verdict-dependent (bsr)
\bsrNMAB,paper/auto_numbers.tex,5406,B,Phase 2,verdict-dependent (bsr)
\bsrNoOrderAC,paper/auto_numbers.tex,42.3,B,Phase 2,verdict-dependent (or)
\bsrNoOrderACov,paper/auto_numbers.tex,42.3,B,Phase 2,verdict-dependent (or)
\bsrNoOrderCTwo,paper/auto_numbers.tex,14.0,B,Phase 2,verdict-dependent (ctwo)
\bsrNoOrderDxEM,paper/auto_numbers.tex,50.2,B,Phase 2,verdict-dependent (or)
\bsrNoOrderMAB,paper/auto_numbers.tex,31.7,B,Phase 2,verdict-dependent (or)
\bsrNoStateAC,paper/auto_numbers.tex,41.2,B,Phase 2,verdict-dependent (bsr)
\bsrNoStateACov,paper/auto_numbers.tex,41.2,B,Phase 2,verdict-dependent (bsr)
\bsrNoStateCTwo,paper/auto_numbers.tex,12.6,B,Phase 2,verdict-dependent (ctwo)
\bsrNoStateDxEM,paper/auto_numbers.tex,48.6,B,Phase 2,verdict-dependent (bsr)
\bsrNoStateMAB,paper/auto_numbers.tex,31.0,B,Phase 2,verdict-dependent (bsr)
\bsrNoTimeAC,paper/auto_numbers.tex,7.6,B,Phase 2,verdict-dependent (bsr)
\bsrNoTimeACov,paper/auto_numbers.tex,7.6,B,Phase 2,verdict-dependent (bsr)
\bsrNoTimeCTwo,paper/auto_numbers.tex,3.4,B,Phase 2,verdict-dependent (ctwo)
\bsrNoTimeDxEM,paper/auto_numbers.tex,9.6,B,Phase 2,verdict-dependent (bsr)
\bsrNoTimeMAB,paper/auto_numbers.tex,3.8,B,Phase 2,verdict-dependent (bsr)
\bsrTerminalAC,paper/auto_numbers.tex,0.0,B,Phase 2,verdict-dependent (term)
\bsrTerminalACov,paper/auto_numbers.tex,0.0,B,Phase 2,verdict-dependent (term)
\bsrTerminalCTwo,paper/auto_numbers.tex,0.0,B,Phase 2,verdict-dependent (term)
\bsrTerminalDxEM,paper/auto_numbers.tex,0.0,B,Phase 2,verdict-dependent (term)
\bsrTerminalMAB,paper/auto_numbers.tex,0.0,B,Phase 2,verdict-dependent (term)
\instrFullHard,paper/auto_numbers.tex,8553,B,Phase 3,verdict-dependent (instr)
\instrFullHardRate,paper/auto_numbers.tex,50.5,B,Phase 3,verdict-dependent (instr)
\instrHardNoOrder,paper/auto_numbers.tex,8514,B,Phase 3,verdict-dependent (instr)
\instrHardNoState,paper/auto_numbers.tex,8238,B,Phase 3,verdict-dependent (instr)
\instrHardNoTime,paper/auto_numbers.tex,1632,B,Phase 3,verdict-dependent (instr)
\instrHardTerminal,paper/auto_numbers.tex,0,B,Phase 3,verdict-dependent (term)
\instrNoOrderLoss,paper/auto_numbers.tex,0.5,B,Phase 3,verdict-dependent (instr)
\instrNoOrderRetain,paper/auto_numbers.tex,99.5,B,Phase 3,verdict-dependent (instr)
\instrNoStateLoss,paper/auto_numbers.tex,3.7,B,Phase 3,verdict-dependent (instr)
\instrNoStateRetain,paper/auto_numbers.tex,96.3,B,Phase 3,verdict-dependent (instr)
\instrNoTimeLoss,paper/auto_numbers.tex,80.9,B,Phase 3,verdict-dependent (instr)
\instrNoTimeRetain,paper/auto_numbers.tex,19.1,B,Phase 3,verdict-dependent (instr)
\instrOrderLoss,paper/auto_numbers.tex,0.5,B,Phase 3,verdict-dependent (instr)
\instrOrderRetain,paper/auto_numbers.tex,99.5,B,Phase 3,verdict-dependent (instr)
\instrStateLoss,paper/auto_numbers.tex,3.7,B,Phase 3,verdict-dependent (instr)
\instrStateRetain,paper/auto_numbers.tex,96.3,B,Phase 3,verdict-dependent (instr)
\instrTerminalLoss,paper/auto_numbers.tex,100.0,B,Phase 3,verdict-dependent (term)
\instrTerminalRetain,paper/auto_numbers.tex,0.0,B,Phase 3,verdict-dependent (term)
\instrTimingLoss,paper/auto_numbers.tex,80.9,B,Phase 3,verdict-dependent (instr)
\instrTimingRetain,paper/auto_numbers.tex,19.1,B,Phase 3,verdict-dependent (instr)
\instrViolLostBefore,paper/auto_numbers.tex,283,B,Phase 3,verdict-dependent (instr)
\instrViolLostBeforeNoOrder,paper/auto_numbers.tex,283,B,Phase 3,verdict-dependent (instr)
\instrViolLostBeforeNoState,paper/auto_numbers.tex,0,B,Phase 3,verdict-dependent (instr)
\instrViolLostBeforeNoTime,paper/auto_numbers.tex,283,B,Phase 3,verdict-dependent (instr)
\instrViolLostBeforeTerminal,paper/auto_numbers.tex,283,B,Phase 3,verdict-dependent (term)
\instrViolLostForbidden,paper/auto_numbers.tex,2141,B,Phase 3,verdict-dependent (instr)
\instrViolLostForbiddenNoOrder,paper/auto_numbers.tex,0,B,Phase 3,verdict-dependent (instr)
\instrViolLostForbiddenNoState,paper/auto_numbers.tex,2141,B,Phase 3,verdict-dependent (instr)
\instrViolLostForbiddenNoTime,paper/auto_numbers.tex,0,B,Phase 3,verdict-dependent (instr)
\instrViolLostForbiddenTerminal,paper/auto_numbers.tex,2141,B,Phase 3,verdict-dependent (term)
\instrViolLostWithin,paper/auto_numbers.tex,14989,B,Phase 3,verdict-dependent (instr)
\instrViolLostWithinNoOrder,paper/auto_numbers.tex,0,B,Phase 3,verdict-dependent (instr)
\instrViolLostWithinNoState,paper/auto_numbers.tex,0,B,Phase 3,verdict-dependent (instr)
\instrViolLostWithinNoTime,paper/auto_numbers.tex,14989,B,Phase 3,verdict-dependent (instr)
\instrViolLostWithinTerminal,paper/auto_numbers.tex,14989,B,Phase 3,verdict-dependent (term)
\clusterCGABenchhard,paper/auto_numbers.tex,cluster_2,B,Phase 3,verdict-dependent (cga)
\clusterCGABenchsoft,paper/auto_numbers.tex,cluster_2,B,Phase 3,verdict-dependent (cga)
\clusterPreservedPct,paper/auto_numbers.tex,100.0,B,Phase 3,verdict-dependent (pct)
\fleissKappaMatched,paper/auto_numbers.tex,0.056,B,Phase 3,verdict-dependent (kappa)
\fleissKappaMatchedFifty,paper/auto_numbers.tex,0.056,B,Phase 3,verdict-dependent (kappa)
\fleissKappaMatchedForty,paper/auto_numbers.tex,0.092,B,Phase 3,verdict-dependent (kappa)
\fleissKappaMatchedThirty,paper/auto_numbers.tex,0.051,B,Phase 3,verdict-dependent (kappa)
\kappaACvsCGAMatched,paper/auto_numbers.tex,-0.125,B,Phase 3,verdict-dependent (kappa)
\kappaACvsCGAOpFifty,paper/auto_numbers.tex,-0.125,B,Phase 3,verdict-dependent (kappa)
\kappaACvsCGAOpForty,paper/auto_numbers.tex,-0.071,B,Phase 3,verdict-dependent (kappa)
\kappaACvsCGAOpThirty,paper/auto_numbers.tex,-0.044,B,Phase 3,verdict-dependent (kappa)
\kappaACvsCTwoOpFifty,paper/auto_numbers.tex,0.284,B,Phase 3,verdict-dependent (kappa)
\kappaACvsCTwoOpForty,paper/auto_numbers.tex,0.307,B,Phase 3,verdict-dependent (kappa)
\kappaACvsCTwoOpThirty,paper/auto_numbers.tex,0.261,B,Phase 3,verdict-dependent (kappa)
\kappaACvsMABOpFifty,paper/auto_numbers.tex,0.328,B,Phase 3,verdict-dependent (kappa)
\kappaACvsMABOpForty,paper/auto_numbers.tex,0.343,B,Phase 3,verdict-dependent (kappa)
\kappaACvsMABOpThirty,paper/auto_numbers.tex,0.23,B,Phase 3,verdict-dependent (kappa)
\kappaCTwovsCGAOpFifty,paper/auto_numbers.tex,0.116,B,Phase 3,verdict-dependent (kappa)
\kappaCTwovsCGAOpForty,paper/auto_numbers.tex,0.153,B,Phase 3,verdict-dependent (kappa)
\kappaCTwovsCGAOpThirty,paper/auto_numbers.tex,0.167,B,Phase 3,verdict-dependent (kappa)
\kappaMABvsCGAOpFifty,paper/auto_numbers.tex,-0.186,B,Phase 3,verdict-dependent (kappa)
\kappaMABvsCGAOpForty,paper/auto_numbers.tex,-0.133,B,Phase 3,verdict-dependent (kappa)
\kappaMABvsCGAOpThirty,paper/auto_numbers.tex,-0.135,B,Phase 3,verdict-dependent (kappa)
\kappaMABvsCTwoOpFifty,paper/auto_numbers.tex,-0.08,B,Phase 3,verdict-dependent (kappa)
\kappaMABvsCTwoOpForty,paper/auto_numbers.tex,-0.025,B,Phase 3,verdict-dependent (kappa)
\kappaMABvsCTwoOpThirty,paper/auto_numbers.tex,-0.087,B,Phase 3,verdict-dependent (kappa)
\opPassRateACFifty,paper/auto_numbers.tex,49.1,B,Phase 2,verdict-dependent (pass)
\opPassRateACForty,paper/auto_numbers.tex,41.0,B,Phase 2,verdict-dependent (pass)
\opPassRateACThirty,paper/auto_numbers.tex,31.5,B,Phase 2,verdict-dependent (hi)
\opPassRateCGAFifty,paper/auto_numbers.tex,49.5,B,Phase 2,verdict-dependent (cga)
\opPassRateCGAForty,paper/auto_numbers.tex,49.5,B,Phase 2,verdict-dependent (cga)
\opPassRateCGAThirty,paper/auto_numbers.tex,49.5,B,Phase 2,verdict-dependent (hi)
\opPassRateMABFifty,paper/auto_numbers.tex,48.2,B,Phase 2,verdict-dependent (pass)
\opPassRateMABForty,paper/auto_numbers.tex,38.2,B,Phase 2,verdict-dependent (pass)
\opPassRateMABThirty,paper/auto_numbers.tex,30.8,B,Phase 2,verdict-dependent (hi)
\bootstrapARI,paper/auto_numbers.tex,1.0,B,Phase 3,verdict-dependent (ari)
\bootstrapARIHigh,paper/auto_numbers.tex,1.0,B,Phase 3,verdict-dependent (hi)
\bootstrapARILow,paper/auto_numbers.tex,1.0,B,Phase 3,verdict-dependent (ari)
\cophenetic,paper/auto_numbers.tex,0.852,B,Phase 3,verdict-dependent (cophenetic)
\nBootstrap,paper/auto_numbers.tex,1000,C,,config/threshold parameter
\numClusters,paper/auto_numbers.tex,3,B,Phase 3,default (unclassified)
\numEvaluatorsExpanded,paper/auto_numbers.tex,12,C,,config/threshold parameter
\passRateCGABenchhard,paper/auto_numbers.tex,49.5,B,Phase 2,verdict-dependent (cga)
\passRateCGABenchsoft,paper/auto_numbers.tex,49.5,B,Phase 2,verdict-dependent (cga)
\silhouetteScore,paper/auto_numbers.tex,0.379,B,Phase 3,verdict-dependent (or)
\numGraphsMain,paper/auto_numbers.tex,20,A,,override
\numGraphsHeldout,paper/auto_numbers.tex,5,A,,override
\numGraphsTotal,paper/auto_numbers.tex,25,A,,override
\numConditionalRules,paper/auto_numbers.tex,312,A,,override
\numTotalScenarios,paper/auto_numbers.tex,706,A,,override
\numDomains,paper/auto_numbers.tex,25,A,,override
\numNodes,paper/auto_numbers.tex,167,A,,override
\timeStepMinutes,paper/auto_numbers.tex,5,A,,override
\numComboCandidates,paper/auto_numbers.tex,1237,A,,override
\numModels,paper/auto_numbers.tex,8,C,,corpus/config parameter
\numRuns,paper/auto_numbers.tex,3,C,,corpus/config parameter
\numEvaluators,paper/auto_numbers.tex,4,C,,corpus/config parameter
\numEvaluatorsAll,paper/auto_numbers.tex,6,C,,corpus/config parameter
\numEpisodes,paper/auto_numbers.tex,"16{,",C,,corpus/config parameter
\numForbidden,paper/auto_numbers.tex,212,A,,override
\numMust,paper/auto_numbers.tex,557,A,,override
\numShould,paper/auto_numbers.tex,0,A,,system/structural constant
\numBefore,paper/auto_numbers.tex,65,A,,override
\numWithin,paper/auto_numbers.tex,215,A,,override
\numShouldWithin,paper/auto_numbers.tex,0,A,,system/structural constant
\numHardConstraints,paper/auto_numbers.tex,1049,A,,override
\numSoftConstraints,paper/auto_numbers.tex,0,A,,override
\numTotalConstraints,paper/auto_numbers.tex,1049,A,,override
\overgenPercent,paper/auto_numbers.tex,81.6,A,,system/structural constant
\avgManualConstraints,paper/auto_numbers.tex,6.6,A,,system/structural constant
\avgEngineConstraints,paper/auto_numbers.tex,53.1,A,,system/structural constant
\expansionRatio,paper/auto_numbers.tex,8.0,A,,system/structural constant
\passrateDxEM,paper/auto_numbers.tex,100.0,B,Phase 2,verdict-dependent (pass)
\passtrateACProxy,paper/auto_numbers.tex,74.4,B,Phase 2,verdict-dependent (pass)
\passrateCTwo,paper/auto_numbers.tex,35.6,B,Phase 2,verdict-dependent (ctwo)
\passtrateMABProxy,paper/auto_numbers.tex,52.9,B,Phase 2,verdict-dependent (pass)
\passrateCGABench,paper/auto_numbers.tex,49.5,B,Phase 2,verdict-dependent (cga)
\bsrCondAC,paper/auto_numbers.tex,57.1,B,Phase 2,verdict-dependent (bsr)
\bsrCondMAB,paper/auto_numbers.tex,60.3,B,Phase 2,verdict-dependent (bsr)
\bsrCondCTwo,paper/auto_numbers.tex,39.3,B,Phase 2,verdict-dependent (ctwo)
\bsrCondDxEM,paper/auto_numbers.tex,50.5,B,Phase 2,verdict-dependent (bsr)
\etaEvaluator,paper/auto_numbers.tex,0.078,B,Phase 3,verdict-dependent (eta)
\etaRun,paper/auto_numbers.tex,<0.001,B,Phase 3,verdict-dependent (eta)
\etaRatio,paper/auto_numbers.tex,"200{,",B,Phase 3,verdict-dependent (eta)
\evalEntropy,paper/auto_numbers.tex,0.94,B,Phase 3,verdict-dependent (entropy)
\runInstability,paper/auto_numbers.tex,6.9,B,Phase 3,default (unclassified)
\wilcoxonP,paper/auto_numbers.tex,<0.001,B,Phase 3,verdict-dependent (wilcoxon)
\opTargetRate,paper/auto_numbers.tex,50,B,Phase 3,verdict-dependent (rate)
\numExtraForbidden,paper/auto_numbers.tex,927,A,,system/structural constant
\numExtraRequired,paper/auto_numbers.tex,3066,A,,system/structural constant
\numExtraBefore,paper/auto_numbers.tex,0,A,,system/structural constant
\numExtraWithin,paper/auto_numbers.tex,888,A,,system/structural constant
\numExtraAll,paper/auto_numbers.tex,4881,A,,system/structural constant
\precForbidden,paper/auto_numbers.tex,\textemdash,B,Phase 3,verdict-dependent (or)
\precRequired,paper/auto_numbers.tex,\textemdash,B,Phase 3,default (unclassified)
\precBefore,paper/auto_numbers.tex,\textemdash,B,Phase 3,verdict-dependent (or)
\precWithin,paper/auto_numbers.tex,\textemdash,B,Phase 3,verdict-dependent (hi)
\precAll,paper/auto_numbers.tex,65.2\%,B,Phase 3,default (unclassified)
\timingNWithinViols,paper/auto_numbers.tex,"14{,",B,Phase 3,verdict-dependent (hi)
\timingMeanMargin,paper/auto_numbers.tex,19.5,B,Phase 3,verdict-dependent (mean)
\timingMedianMargin,paper/auto_numbers.tex,10.0,B,Phase 3,verdict-dependent (median)
\timingPctBoundary,paper/auto_numbers.tex,33.5,B,Phase 3,verdict-dependent (timing)
\timingPctOverSixty,paper/auto_numbers.tex,7.1,B,Phase 3,verdict-dependent (timing)
\timingIsBoundary,paper/auto_numbers.tex,no,B,Phase 3,verdict-dependent (timing)
\timingJaccard,paper/auto_numbers.tex,0.734,B,Phase 3,verdict-dependent (timing)
\timingNScenariosAgree,paper/auto_numbers.tex,165,B,Phase 3,verdict-dependent (timing)
\geeMethod,paper/auto_numbers.tex,GEE logistic (exchangeable),B,Phase 3,verdict-dependent (gee)
\geeCoeffASC,paper/auto_numbers.tex,2.22,B,Phase 3,verdict-dependent (fa)
\geeCoeffCwT,paper/auto_numbers.tex,0.36,B,Phase 3,verdict-dependent (gee)
\geeCoeffPAF,paper/auto_numbers.tex,1.06,B,Phase 3,verdict-dependent (paf)
\geeORASC,paper/auto_numbers.tex,9.24,B,Phase 3,verdict-dependent (gee)
\geeORCwT,paper/auto_numbers.tex,1.44,B,Phase 3,verdict-dependent (gee)
\geeORPAF,paper/auto_numbers.tex,2.9,B,Phase 3,verdict-dependent (paf)
\friedmanChi,paper/auto_numbers.tex,0.1,B,Phase 3,verdict-dependent (hi)
\friedmanP,paper/auto_numbers.tex,0.99,B,Phase 3,verdict-dependent (friedman)
\kendallW,paper/auto_numbers.tex,0.408,B,Phase 3,verdict-dependent (kendall)
\reversalRate,paper/auto_numbers.tex,75.0,B,Phase 3,verdict-dependent (rate)
\topOneFlip,paper/auto_numbers.tex,yes,B,Phase 3,verdict-dependent (flip)
\deltaFAManual,paper/auto_numbers.tex,23.9,B,Phase 3,verdict-dependent (fa)
\deltaFAAuto,paper/auto_numbers.tex,53.4,B,Phase 3,verdict-dependent (fa)
\deltaFADelta,paper/auto_numbers.tex,29.4,B,Phase 3,verdict-dependent (fa)
\deltaAOManual,paper/auto_numbers.tex,21.6,B,Phase 3,verdict-dependent (delta)
\deltaAOAuto,paper/auto_numbers.tex,25.7,B,Phase 3,verdict-dependent (delta)
\newlyExposedCount,paper/auto_numbers.tex,782,B,Phase 3,verdict-dependent (count)
\newlyExposedRate,paper/auto_numbers.tex,20.7,B,Phase 3,verdict-dependent (rate)
\heldoutAllObliviousFA,paper/auto_numbers.tex,5.8,B,Phase 3,verdict-dependent (fa)
\heldoutAllObliviousCount,paper/auto_numbers.tex,92,B,Phase 4,verdict-dependent (count)
\heldoutAOPassRate,paper/auto_numbers.tex,9.3,B,Phase 2,verdict-dependent (heldout)
\heldoutCondFA,paper/auto_numbers.tex,62.2,B,Phase 3,verdict-dependent (fa)
\indomainAllObliviousFA,paper/auto_numbers.tex,12.2,B,Phase 3,verdict-dependent (fa)
\indomainCondFA,paper/auto_numbers.tex,37.1,B,Phase 3,verdict-dependent (fa)
\fisherPHeldoutAOFA,paper/auto_numbers.tex,$<$0.001,B,Phase 3,verdict-dependent (fa)
\crossReplayMABPass,paper/auto_numbers.tex,52.9,B,Phase 2,verdict-dependent (cross)
\crossReplayMABFA,paper/auto_numbers.tex,31.9,B,Phase 3,verdict-dependent (cross)
\crossReplayMABBlindPct,paper/auto_numbers.tex,60.3,B,Phase 3,verdict-dependent (blind)
\crossReplayACPass,paper/auto_numbers.tex,74.4,B,Phase 2,verdict-dependent (cross)
\crossReplayACFA,paper/auto_numbers.tex,42.5,B,Phase 3,verdict-dependent (cross)
\crossReplayACBlindPct,paper/auto_numbers.tex,54.7,B,Phase 3,verdict-dependent (blind)
\crossMABConverted,paper/auto_numbers.tex,1786,B,Phase 3,verdict-dependent (cross)
\crossMABNativePass,paper/auto_numbers.tex,62.8,B,Phase 2,verdict-dependent (cross)
\crossMABTCCFail,paper/auto_numbers.tex,74.7,B,Phase 3,verdict-dependent (cross)
\crossMABBlindPct,paper/auto_numbers.tex,78.0,B,Phase 3,verdict-dependent (blind)
\crossMABDomViol,paper/auto_numbers.tex,TIMING,B,Phase 3,verdict-dependent (cross)
\crossACConverted,paper/auto_numbers.tex,100,B,Phase 3,verdict-dependent (cross)
\crossACNativePass,paper/auto_numbers.tex,4.0,B,Phase 2,verdict-dependent (cross)
\crossACTCCFail,paper/auto_numbers.tex,100.0,B,Phase 3,verdict-dependent (cross)
\crossACBlindPct,paper/auto_numbers.tex,100.0,B,Phase 3,verdict-dependent (blind)
\crossACDomViol,paper/auto_numbers.tex,OMISSION,B,Phase 3,verdict-dependent (cross)
\mabNativePassRate,paper/auto_numbers.tex,62.8,B,Phase 2,verdict-dependent (native)
\mabPafAgreement,paper/auto_numbers.tex,95.9,B,Phase 3,verdict-dependent (paf)
\mabFalseAcceptRate,paper/auto_numbers.tex,48.9,B,Phase 3,verdict-dependent (fa)
\mabFalseAcceptCount,paper/auto_numbers.tex,5076,B,Phase 3,verdict-dependent (fa)
\mabBlindTiming,paper/auto_numbers.tex,3116,B,Phase 3,verdict-dependent (blind)
\mabBlindOrdering,paper/auto_numbers.tex,202,B,Phase 3,verdict-dependent (blind)
\mabBlindForbidden,paper/auto_numbers.tex,540,B,Phase 3,verdict-dependent (blind)
\vfManual,paper/auto_numbers.tex,93.8,B,Phase 3,default (unclassified)
\vfAuto,paper/auto_numbers.tex,88.0,B,Phase 3,verdict-dependent (fa)
\bsrManualAC,paper/auto_numbers.tex,39.6,B,Phase 2,verdict-dependent (bsr)
\bsrAutoAC,paper/auto_numbers.tex,58.5,B,Phase 2,verdict-dependent (bsr)
\violManual,paper/auto_numbers.tex,6.4,B,Phase 3,default (unclassified)
\violAuto,paper/auto_numbers.tex,8.0,B,Phase 3,default (unclassified)
\ctypeManual,paper/auto_numbers.tex,4,B,Phase 3,default (unclassified)
\ctypeAuto,paper/auto_numbers.tex,4,B,Phase 3,default (unclassified)
\vfHeldout,paper/auto_numbers.tex,92.5,B,Phase 4,verdict-dependent (heldout)
\bsrHeldoutAC,paper/auto_numbers.tex,71.6,B,Phase 2,verdict-dependent (heldout)
\cohenDDifficulty,paper/auto_numbers.tex,-0.27,B,Phase 3,verdict-dependent (cohen)
\spearmanManualAuto,paper/auto_numbers.tex,0.89,B,Phase 3,verdict-dependent (spearman)
\silhouetteKThree,paper/auto_numbers.tex,0.504,B,Phase 3,verdict-dependent (silhouette)
\mimicACDetectionLoss,paper/auto_numbers.tex,84.2,B,Phase 2,override
\mimicMABDetectionLoss,paper/auto_numbers.tex,63.2,B,Phase 2,override
\mimicACFA,paper/auto_numbers.tex,42.5,B,Phase 3,verdict-dependent (fa)
\mimicMABFA,paper/auto_numbers.tex,31.9,B,Phase 3,verdict-dependent (fa)
\mimicACPassRate,paper/auto_numbers.tex,74.4,B,Phase 2,verdict-dependent (pass)
\mimicMABPassRate,paper/auto_numbers.tex,53.0,B,Phase 2,verdict-dependent (pass)
\mimicTCCPassRate,paper/auto_numbers.tex,49.5,B,Phase 2,verdict-dependent (tcc)
\mimicACGainN,paper/auto_numbers.tex,7202,B,Phase 3,verdict-dependent (cga)
\mimicACGain,paper/auto_numbers.tex,57.1,B,Phase 3,verdict-dependent (cga)
\consensusFATotal,paper/auto_numbers.tex,1959,B,Phase 3,verdict-dependent (fa)
\consensusFARate,paper/auto_numbers.tex,11.6,B,Phase 3,verdict-dependent (fa)
\consensusFACritical,paper/auto_numbers.tex,432,B,Phase 3,verdict-dependent (fa)
\consensusFACriticalPct,paper/auto_numbers.tex,22.1,B,Phase 3,verdict-dependent (fa)
\consensusFAHigh,paper/auto_numbers.tex,101,B,Phase 3,verdict-dependent (fa)
\consensusFAMedium,paper/auto_numbers.tex,1426,B,Phase 3,verdict-dependent (fa)
\consensusFALow,paper/auto_numbers.tex,0,B,Phase 3,verdict-dependent (fa)
\consensusFAModelRange,paper/auto_numbers.tex,4.6--17.5,B,Phase 3,verdict-dependent (model)
\auditNGraphs,paper/auto_numbers.tex,25,A,,override
\auditTotalRules,paper/auto_numbers.tex,1049,A,,override
\auditUnreachableRate,paper/auto_numbers.tex,36.5,A,,override
\auditContradictoryRate,paper/auto_numbers.tex,0.0,A,,override
\auditProvenanceComplete,paper/auto_numbers.tex,100.0,A,,override
\invarianceMaxFADelta,paper/auto_numbers.tex,6.36,B,Phase 3,verdict-dependent (fa)
\invarianceAllStable,paper/auto_numbers.tex,6/8,B,Phase 3,verdict-dependent (ari)
\invarianceTCCFlips,paper/auto_numbers.tex,0,B,Phase 3,verdict-dependent (tcc)
\nonTimingNaturalCount,paper/auto_numbers.tex,354,B,Phase 3,verdict-dependent (count)
\nonTimingNaturalPct,paper/auto_numbers.tex,2.09,B,Phase 3,verdict-dependent (timing)
\nonTimingACBlindPct,paper/auto_numbers.tex,72.0,B,Phase 3,verdict-dependent (blind)
\solverVerdictReversalN,paper/auto_numbers.tex,0,B,Phase 2,verdict-dependent (verdict)
\solverSubsetN,paper/auto_numbers.tex,16944,B,Phase 3,verdict-dependent (solver)
\solverILPRho,paper/auto_numbers.tex,0.920,B,Phase 3,verdict-dependent (ilp)
\solverILPPct,paper/auto_numbers.tex,20.4,B,Phase 3,verdict-dependent (ilp)
\solverSpearmanDg,paper/auto_numbers.tex,0.920,B,Phase 3,verdict-dependent (solver)
\solverRankReversals,paper/auto_numbers.tex,0,B,Phase 3,verdict-dependent (solver)
\solverTieredBetter,paper/auto_numbers.tex,8.68,B,Phase 3,verdict-dependent (solver)
\noContextPairs,paper/auto_numbers.tex,238,B,Phase 3,default (unclassified)
\noContextTCCDetect,paper/auto_numbers.tex,100.0,A,,system/structural constant
\noContextASCDetect,paper/auto_numbers.tex,0.0,A,,system/structural constant
\termJudgeTtwoFA,paper/auto_numbers.tex,30.7,B,Phase 3,verdict-dependent (term)
\termJudgeTthreeFA,paper/auto_numbers.tex,18.5,B,Phase 3,verdict-dependent (term)
\termJudgeTtwoTthreeGap,paper/auto_numbers.tex,12.2,B,Phase 4,verdict-dependent (term)
\termJudgeTtwoBSRcond,paper/auto_numbers.tex,46.3,B,Phase 2,verdict-dependent (term)
\termJudgeTthreeBSRcond,paper/auto_numbers.tex,28.4,B,Phase 2,verdict-dependent (term)
\ablationPassFull,paper/auto_numbers.tex,49.5,B,Phase 2,verdict-dependent (ablation)
\ablationPassActionOnly,paper/auto_numbers.tex,90.4,B,Phase 2,verdict-dependent (ablation)
\ablationPassNoTiming,paper/auto_numbers.tex,90.4,B,Phase 2,verdict-dependent (ablation)
\ablationPassNoOrder,paper/auto_numbers.tex,49.8,B,Phase 2,verdict-dependent (ablation)
\ablationGapActionFull,paper/auto_numbers.tex,40.9,B,Phase 3,verdict-dependent (ablation)
\instrWithinOnlyN,paper/auto_numbers.tex,6921,B,Phase 3,verdict-dependent (instr)
\faWithinOnlyN,paper/auto_numbers.tex,6921,B,Phase 3,verdict-dependent (fa)
\bsrFullDxEM,paper/auto_numbers.tex,50.5,B,Phase 2,verdict-dependent (bsr)
\bsrTerminalAll,paper/auto_numbers.tex,0.0,B,Phase 2,verdict-dependent (term)
\heldoutN,paper/auto_numbers.tex,1584,B,Phase 4,verdict-dependent (heldout)
\clockRobustPct,paper/auto_numbers.tex,70.3,B,Phase 3,verdict-dependent (clock)
\clockBoundaryPct,paper/auto_numbers.tex,29.7,B,Phase 3,verdict-dependent (clock)
\clockCoarserRange,paper/auto_numbers.tex,11.0--24.0,B,Phase 3,verdict-dependent (clock)
\clockJitterFlipPct,paper/auto_numbers.tex,2.2,B,Phase 3,verdict-dependent (clock)
\gemmaJudgeTtwoFA,paper/auto_numbers.tex,42.3,B,Phase 3,verdict-dependent (fa)
\gemmaJudgeTthreeFA,paper/auto_numbers.tex,25.9,B,Phase 3,verdict-dependent (fa)
\gemmaJudgeTtwoTthreeGap,paper/auto_numbers.tex,16.4,B,Phase 4,verdict-dependent (judge)
\mcnemarTimestampP,paper/auto_numbers.tex,$<$0.001,B,Phase 3,default (unclassified)
\defaultPassTzeroFA,paper/auto_numbers.tex,4.2,B,Phase 3,verdict-dependent (fa)
\timingBoundaryUrgentPct,paper/auto_numbers.tex,59,B,Phase 3,verdict-dependent (timing)
\termJudgeTzeroFA,paper/auto_numbers.tex,1.9,B,Phase 3,verdict-dependent (term)
\termJudgeToneFA,paper/auto_numbers.tex,25.5,B,Phase 3,verdict-dependent (term)
\gemmaJudgeTzeroFA,paper/auto_numbers.tex,32.1,B,Phase 3,verdict-dependent (fa)
\gemmaJudgeToneFA,paper/auto_numbers.tex,34.7,B,Phase 3,verdict-dependent (fa)
\clusterDistPAFtoASC,paper/auto_numbers.tex,0.57,B,Phase 3,verdict-dependent (paf)
\clusterDistPAFtoTCC,paper/auto_numbers.tex,1.20,B,Phase 3,verdict-dependent (paf)
\mimicHBDetectionLoss,paper/auto_numbers.tex,81,B,Phase 2,override
\auditDuplicateRate,paper/auto_numbers.tex,9.3,A,,override
\auditDeadRate,paper/auto_numbers.tex,57.5,A,,override
\invarianceGapFixAliases,paper/auto_numbers.tex,40,B,Phase 3,verdict-dependent (ari)
\consensusFADomainMaxName,paper/auto_numbers.tex,aha\_stroke\_2019,B,Phase 3,verdict-dependent (fa)
\consensusFADomainMax,paper/auto_numbers.tex,337,B,Phase 3,verdict-dependent (fa)
\solverTieredBetterN,paper/auto_numbers.tex,1470,B,Phase 3,verdict-dependent (solver)
\consensusFAOss,paper/auto_numbers.tex,14.3,B,Phase 3,verdict-dependent (fa)
\consensusFANemotron,paper/auto_numbers.tex,4.6,B,Phase 3,verdict-dependent (fa)
\consensusFADeepseek,paper/auto_numbers.tex,17.5,B,Phase 3,verdict-dependent (fa)
\mimicACWithinDetect,paper/auto_numbers.tex,15.3,B,Phase 3,verdict-dependent (hi)
\mimicACForbidDetect,paper/auto_numbers.tex,21.1,B,Phase 3,verdict-dependent (or)
\mimicACBeforeDetect,paper/auto_numbers.tex,0.0,B,Phase 3,verdict-dependent (or)
\mimicACMustDetect,paper/auto_numbers.tex,30.8,B,Phase 3,verdict-dependent (detect)
\mimicMABWithinDetect,paper/auto_numbers.tex,36.3,B,Phase 3,verdict-dependent (hi)
\mimicMABForbidDetect,paper/auto_numbers.tex,60.0,B,Phase 3,verdict-dependent (or)
\mimicMABBeforeDetect,paper/auto_numbers.tex,10.6,B,Phase 3,verdict-dependent (or)
\mimicMABMustDetect,paper/auto_numbers.tex,47.5,B,Phase 3,verdict-dependent (detect)
\mimicHBFA,paper/auto_numbers.tex,42.5,B,Phase 3,verdict-dependent (fa)
\auditUniqueActions,paper/auto_numbers.tex,611,A,,override
\auditConstraintsPerNode,paper/auto_numbers.tex,6.3,A,,override
\auditGraphsWithUnreachable,paper/auto_numbers.tex,5,A,,override
\auditDeadNodes,paper/auto_numbers.tex,96,A,,override
\auditDuplicates,paper/auto_numbers.tex,98,A,,override
\auditUnreachableNodes,paper/auto_numbers.tex,61,A,,override
\invarianceAffectedPct,paper/auto_numbers.tex,73.5,B,Phase 3,verdict-dependent (ari)
\invarianceCoverageFlip,paper/auto_numbers.tex,1078,B,Phase 3,verdict-dependent (flip)
\invarianceSolverRho,paper/auto_numbers.tex,0.920,B,Phase 3,verdict-dependent (solver)
\nonTimingMABBlindPct,paper/auto_numbers.tex,52.0,B,Phase 3,verdict-dependent (blind)
\nonTimingForbiddenOnly,paper/auto_numbers.tex,315,B,Phase 3,verdict-dependent (or)
\nonTimingBeforeOnly,paper/auto_numbers.tex,39,B,Phase 3,verdict-dependent (or)
\nonTimingTotalConstraints,paper/auto_numbers.tex,226,B,Phase 3,verdict-dependent (timing)
\solverEqualN,paper/auto_numbers.tex,12025,B,Phase 3,verdict-dependent (solver)
\solverILPBetterN,paper/auto_numbers.tex,3449,B,Phase 3,verdict-dependent (ilp)
\solverTieBreakN,paper/auto_numbers.tex,221,B,Phase 3,verdict-dependent (solver)
\solverPhaseOrderN,paper/auto_numbers.tex,239,B,Phase 3,verdict-dependent (solver)
\solverFormGapN,paper/auto_numbers.tex,1010,B,Phase 3,verdict-dependent (solver)
\solverFormGapMeanDiff,paper/auto_numbers.tex,1702.2,B,Phase 3,verdict-dependent (solver)
\solverFormGapMaxDiff,paper/auto_numbers.tex,15435,B,Phase 3,verdict-dependent (solver)
\surveyNBenchmarks,paper/auto_numbers.tex,12,A,,override
\surveyNOthers,paper/auto_numbers.tex,11,A,,override
\surveyNProcessOblivious,paper/auto_numbers.tex,8,B,Phase 3,default (unclassified)
\surveyNTimingChecked,paper/auto_numbers.tex,0,B,Phase 3,verdict-dependent (timing)
\surveyNOrderChecked,paper/auto_numbers.tex,1,B,Phase 3,verdict-dependent (or)
\surveyNConditionalChecked,paper/auto_numbers.tex,2,B,Phase 3,default (unclassified)
\timingBaselineViolRate,paper/auto_numbers.tex,66.04,B,Phase 3,verdict-dependent (timing)
\timingDurModelViolRate,paper/auto_numbers.tex,65.66,B,Phase 3,verdict-dependent (model)
\timingDurModelVerdictChange,paper/auto_numbers.tex,2.17,B,Phase 2,verdict-dependent (verdict)
\timingDurModelWithinResolved,paper/auto_numbers.tex,1.93,B,Phase 3,verdict-dependent (model)
\timingDurModelWithinPersist,paper/auto_numbers.tex,98.07,B,Phase 3,verdict-dependent (model)
\timingParallelViolRate,paper/auto_numbers.tex,65.1,B,Phase 3,verdict-dependent (timing)
\timingParallelVerdictChange,paper/auto_numbers.tex,2.73,B,Phase 2,verdict-dependent (verdict)
\timingParallelWithinResolved,paper/auto_numbers.tex,2.78,B,Phase 3,verdict-dependent (hi)
\timingZeroReasonViolRate,paper/auto_numbers.tex,66.03,B,Phase 3,verdict-dependent (or)
\timingZeroReasonVerdictChange,paper/auto_numbers.tex,0.01,B,Phase 2,verdict-dependent (verdict)
\timingZeroReasonWithinResolved,paper/auto_numbers.tex,0.02,B,Phase 3,verdict-dependent (hi)
\clockCrossViolRateMin,paper/auto_numbers.tex,46.44,B,Phase 3,verdict-dependent (cross)
\clockCrossViolRateMax,paper/auto_numbers.tex,90.0,B,Phase 3,verdict-dependent (cross)
\clockCrossViolRange,paper/auto_numbers.tex,46.44--90.0,B,Phase 3,verdict-dependent (cross)
\strictFAThree,paper/auto_numbers.tex,6.6,B,Phase 3,verdict-dependent (fa)
\strictFAThreeCount,paper/auto_numbers.tex,1118,B,Phase 3,verdict-dependent (fa)
\strictFAFour,paper/auto_numbers.tex,6.6,B,Phase 3,verdict-dependent (fa)
\strictFAFourCount,paper/auto_numbers.tex,1118,B,Phase 3,verdict-dependent (fa)
\strictFACriticalPct,paper/auto_numbers.tex,6.2,B,Phase 3,verdict-dependent (fa)
\strictFACriticalCount,paper/auto_numbers.tex,69,B,Phase 3,verdict-dependent (fa)
\strictFAMedianViols,paper/auto_numbers.tex,1,B,Phase 3,verdict-dependent (fa)
\crossReplayACBSRcond,paper/auto_numbers.tex,57.1,B,Phase 2,verdict-dependent (cross)
\fidelityNTraces,paper/auto_numbers.tex,15,B,Phase 3,verdict-dependent (fidelity)
\fidelityNFail,paper/auto_numbers.tex,14,B,Phase 3,verdict-dependent (fa)
\fidelityMABDetect,paper/auto_numbers.tex,1,B,Phase 3,verdict-dependent (fidelity)
\fidelityACDetect,paper/auto_numbers.tex,1,A,,system/structural constant
\fidelityTCCDetect,paper/auto_numbers.tex,14,A,,system/structural constant
\fidelityTCCPerfect,paper/auto_numbers.tex,true,B,Phase 3,verdict-dependent (fidelity)
\distCheckNObs,paper/auto_numbers.tex,24,A,,system/structural constant
\distCheckInsideRate,paper/auto_numbers.tex,100.0,A,,system/structural constant
\distCheckIqrOverlap,paper/auto_numbers.tex,91.7,A,,system/structural constant
\distCheckRangeContained,paper/auto_numbers.tex,75.0,A,,system/structural constant
\heldoutOrderingMatch,paper/auto_numbers.tex,5/5,B,Phase 4,verdict-dependent (heldout)
\heldoutOrderingMatchPct,paper/auto_numbers.tex,100,B,Phase 4,verdict-dependent (heldout)
\heldoutOrderingMeanRho,paper/auto_numbers.tex,0.50,B,Phase 4,verdict-dependent (mean)
\mimicProtocolHash,paper/auto_numbers.tex,8e3875401bb1,A,,system/structural constant
\mimicProtocolDate,paper/auto_numbers.tex,2026-04-18,A,,system/structural constant
\rankBootstrapB,paper/auto_numbers.tex,10000,B,Phase 3,default (unclassified)
\rankBootstrapKendallW,paper/auto_numbers.tex,0.408,B,Phase 3,verdict-dependent (kendall)
\rankBootstrapKendallWLo,paper/auto_numbers.tex,0.342,B,Phase 3,verdict-dependent (kendall)
\rankBootstrapKendallWHi,paper/auto_numbers.tex,0.461,B,Phase 3,verdict-dependent (hi)
\rankBootstrapMaxCIWidth,paper/auto_numbers.tex,3.0,B,Phase 3,verdict-dependent (ci)
\rankBootstrapTopOneStable,paper/auto_numbers.tex,3/4,B,Phase 3,default (unclassified)
\rankBootstrapTopOneStablePct,paper/auto_numbers.tex,75,B,Phase 3,verdict-dependent (pct)
\oracleNDomains,paper/auto_numbers.tex,5,B,Phase 3,verdict-dependent (or)
\oracleNDomainsTotal,paper/auto_numbers.tex,6,B,Phase 3,verdict-dependent (or)
\oracleNScenarios,paper/auto_numbers.tex,8,B,Phase 3,verdict-dependent (or)
\oracleMeanGap,paper/auto_numbers.tex,+11.4,B,Phase 3,verdict-dependent (mean)
\oracleMinGap,paper/auto_numbers.tex,-16.1,B,Phase 3,verdict-dependent (or)
\oracleMaxGap,paper/auto_numbers.tex,+38.9,B,Phase 3,verdict-dependent (or)
\oracleMaxDomain,paper/auto_numbers.tex,Stroke,B,Phase 3,verdict-dependent (or)
\oracleMinDomain,paper/auto_numbers.tex,Sepsis,B,Phase 3,verdict-dependent (or)
\oracleNegativeGapCount,paper/auto_numbers.tex,1,B,Phase 3,verdict-dependent (count)
\promptScaffoldN,paper/auto_numbers.tex,2118,B,Phase 3,verdict-dependent (scaffold)
\promptScaffoldReactFlip,paper/auto_numbers.tex,81.0,B,Phase 3,verdict-dependent (scaffold)
\promptScaffoldDirectFlip,paper/auto_numbers.tex,78.7,B,Phase 3,verdict-dependent (scaffold)
\promptScaffoldFlipDelta,paper/auto_numbers.tex,2.3,B,Phase 3,verdict-dependent (scaffold)
\promptScaffoldReactAOFA,paper/auto_numbers.tex,12.8,B,Phase 3,verdict-dependent (fa)
\promptScaffoldDirectAOFA,paper/auto_numbers.tex,16.1,B,Phase 3,verdict-dependent (fa)
\promptScaffoldAOFADelta,paper/auto_numbers.tex,3.3,B,Phase 3,verdict-dependent (fa)
\promptScaffoldMcNemarP,paper/auto_numbers.tex,0.032,B,Phase 3,verdict-dependent (scaffold)
\promptScaffoldBlindSpotJaccard,paper/auto_numbers.tex,0.34,B,Phase 3,verdict-dependent (blind)
\promptScaffoldReactAC,paper/auto_numbers.tex,79.1,B,Phase 3,verdict-dependent (scaffold)
\promptScaffoldDirectAC,paper/auto_numbers.tex,74.7,B,Phase 3,verdict-dependent (scaffold)
\promptScaffoldReactMAB,paper/auto_numbers.tex,56.8,B,Phase 3,verdict-dependent (scaffold)
\promptScaffoldDirectMAB,paper/auto_numbers.tex,49.7,B,Phase 3,verdict-dependent (scaffold)
\promptScaffoldReactCGA,paper/auto_numbers.tex,44.7,B,Phase 3,verdict-dependent (scaffold)
\promptScaffoldDirectCGA,paper/auto_numbers.tex,43.2,B,Phase 3,verdict-dependent (scaffold)
\promptJudgeVariants,paper/auto_numbers.tex,4,B,Phase 4,verdict-dependent (judge)
\wEightTotalEpisodes,paper/auto_numbers.tex,"8{,",B,Phase 3,verdict-dependent (weight)
\wEightNPerCell,paper/auto_numbers.tex,706,B,Phase 3,verdict-dependent (weight)
\numScaffolds,paper/auto_numbers.tex,4,C,,corpus/config parameter
\wEightAggReactAOFA,paper/auto_numbers.tex,19.5,B,Phase 3,verdict-dependent (fa)
\wEightAggDirectAOFA,paper/auto_numbers.tex,17.5,B,Phase 3,verdict-dependent (fa)
\wEightAggChecklistAOFA,paper/auto_numbers.tex,19.0,B,Phase 3,verdict-dependent (fa)
\wEightAggToolUseAOFA,paper/auto_numbers.tex,19.1,B,Phase 3,verdict-dependent (fa)
\wEightAggAOFAMin,paper/auto_numbers.tex,17.5,B,Phase 3,verdict-dependent (fa)
\wEightAggAOFAMax,paper/auto_numbers.tex,19.5,B,Phase 3,verdict-dependent (fa)
\wEightAggAOFARange,paper/auto_numbers.tex,2.0,B,Phase 3,verdict-dependent (fa)
\wEightFriedmanChi,paper/auto_numbers.tex,1.0,B,Phase 3,verdict-dependent (hi)
\wEightFriedmanP,paper/auto_numbers.tex,0.80,B,Phase 3,verdict-dependent (weight)
\wEightKendallW,paper/auto_numbers.tex,0.11,B,Phase 3,verdict-dependent (weight)
\wEightComplianceMin,paper/auto_numbers.tex,0.539,B,Phase 3,verdict-dependent (weight)
\wEightComplianceMax,paper/auto_numbers.tex,0.796,B,Phase 3,verdict-dependent (weight)
\wEightComplianceSpread,paper/auto_numbers.tex,25.7,B,Phase 3,verdict-dependent (weight)
\wEightQwenTUActions,paper/auto_numbers.tex,5.3,B,Phase 3,verdict-dependent (weight)
\wEightQwenTUPassAC,paper/auto_numbers.tex,13.2,B,Phase 2,verdict-dependent (weight)
\wEightQwenTUPassMAB,paper/auto_numbers.tex,9.8,B,Phase 2,verdict-dependent (weight)
\wEightQwenTUPassCGA,paper/auto_numbers.tex,83.3,B,Phase 2,verdict-dependent (cga)
\wEightQwenTUFA,paper/auto_numbers.tex,0.1,B,Phase 3,verdict-dependent (fa)
\scaffoldAblationLabel,paper/auto_numbers.tex,four,B,Phase 3,verdict-dependent (scaffold)
\scaffoldAblationCount,paper/auto_numbers.tex,4,B,Phase 3,verdict-dependent (scaffold)
\scaffoldAOFAMin,paper/auto_numbers.tex,\wEightAggAOFAMin,B,Phase 3,verdict-dependent (fa)
\scaffoldAOFAMax,paper/auto_numbers.tex,\wEightAggAOFAMax,B,Phase 3,verdict-dependent (fa)
\scaffoldAOFARange,paper/auto_numbers.tex,\wEightAggAOFARange,B,Phase 3,verdict-dependent (fa)
\leakageScanNCanaries,paper/auto_numbers.tex,200,A,,system/structural constant
\leakageScanDirsPassed,paper/auto_numbers.tex,4,A,,system/structural constant
\eOneWithinN,paper/auto_numbers.tex,56,B,Phase 3,verdict-dependent (hi)
\eOneWithinASCLo,paper/auto_numbers.tex,0.0,B,Phase 3,verdict-dependent (hi)
\eOneWithinASCHi,paper/auto_numbers.tex,6.4,B,Phase 3,verdict-dependent (hi)
\eOneBeforeN,paper/auto_numbers.tex,17,B,Phase 3,verdict-dependent (or)
\eOneBeforeASCLo,paper/auto_numbers.tex,0.0,B,Phase 3,verdict-dependent (or)
\eOneBeforeASCHi,paper/auto_numbers.tex,18.4,B,Phase 3,verdict-dependent (hi)
\eOneForbidN,paper/auto_numbers.tex,72,B,Phase 3,verdict-dependent (or)
\eOneForbidPAFLo,paper/auto_numbers.tex,0.2,B,Phase 3,verdict-dependent (paf)
\eOneForbidPAFHi,paper/auto_numbers.tex,7.5,B,Phase 3,verdict-dependent (paf)
\eOneForbidASCLo,paper/auto_numbers.tex,0.0,B,Phase 3,verdict-dependent (or)
\eOneForbidASCHi,paper/auto_numbers.tex,5.1,B,Phase 3,verdict-dependent (hi)
\eOneMustN,paper/auto_numbers.tex,77,B,Phase 3,default (unclassified)
\eOneMustASCLo,paper/auto_numbers.tex,0.0,B,Phase 3,verdict-dependent (lo)
\eOneMustASCHi,paper/auto_numbers.tex,4.8,B,Phase 3,verdict-dependent (hi)
\eOneNullN,paper/auto_numbers.tex,110,B,Phase 3,default (unclassified)
\eOneNullHi,paper/auto_numbers.tex,3.4,B,Phase 3,verdict-dependent (hi)
\oracleCodeAgentFiles,paper/auto_numbers.tex,13,A,,system/structural constant
\oracleCodeEngineFiles,paper/auto_numbers.tex,7,A,,system/structural constant
\oracleCodeAgentLOC,paper/auto_numbers.tex,6022,A,,system/structural constant
\oracleCodeEngineLOC,paper/auto_numbers.tex,1041,A,,system/structural constant
\oracleCodeTokenJaccardRaw,paper/auto_numbers.tex,0.079,A,,system/structural constant
\oracleCodeTokenJaccardFiltered,paper/auto_numbers.tex,0.052,A,,system/structural constant
\oracleCodeBigramJaccard,paper/auto_numbers.tex,0.018,A,,system/structural constant
\oracleCodeAstNodeTypeJaccard,paper/auto_numbers.tex,0.862,A,,system/structural constant
\oracleCodeAstSigJaccard,paper/auto_numbers.tex,0.177,A,,system/structural constant
\oracleCodeCrossImports,paper/auto_numbers.tex,0,A,,system/structural constant
\oracleCodeIdenticalHashes,paper/auto_numbers.tex,0,A,,system/structural constant
\oracleCodeSharedClasses,paper/auto_numbers.tex,0,A,,system/structural constant
\oracleCodeSharedFunctions,paper/auto_numbers.tex,3,A,,system/structural constant
\projAblationN,paper/auto_numbers.tex,500,B,Phase 3,verdict-dependent (ablation)
\projAblationConfigs,paper/auto_numbers.tex,16,C,,config/threshold parameter
\projAblationAsetShapleyCGA,paper/auto_numbers.tex,-0.1522,B,Phase 3,verdict-dependent (cga)
\projAblationAsetShapleyViol,paper/auto_numbers.tex,+3.18,B,Phase 3,verdict-dependent (ablation)
\projAblationAsetDetection,paper/auto_numbers.tex,0.839,B,Phase 3,verdict-dependent (ablation)
\projAblationTermShapleyCGA,paper/auto_numbers.tex,+0.0221,B,Phase 3,verdict-dependent (term)
\projAblationTermShapleyViol,paper/auto_numbers.tex,-0.435,B,Phase 3,verdict-dependent (term)
\projAblationTermDetection,paper/auto_numbers.tex,0.000,B,Phase 3,verdict-dependent (term)
\projAblationNtimShapleyCGA,paper/auto_numbers.tex,-0.0030,B,Phase 3,verdict-dependent (cga)
\projAblationNtimShapleyViol,paper/auto_numbers.tex,+0.067,B,Phase 3,verdict-dependent (ablation)
\projAblationNtimDetection,paper/auto_numbers.tex,0.000,B,Phase 3,verdict-dependent (ablation)
\projAblationNctxShapleyCGA,paper/auto_numbers.tex,0.000,B,Phase 3,verdict-dependent (cga)
\projAblationNctxShapleyViol,paper/auto_numbers.tex,0.000,B,Phase 3,verdict-dependent (ablation)
\projAblationNctxDetection,paper/auto_numbers.tex,0.000,B,Phase 3,verdict-dependent (ablation)
\amegaForwardNModels,paper/auto_numbers.tex,3,B,Phase 4,verdict-dependent (model)
\amegaForwardNRuns,paper/auto_numbers.tex,3,B,Phase 4,verdict-dependent (amega)
\amegaForwardQwenMean,paper/auto_numbers.tex,0.029,B,Phase 4,verdict-dependent (amega)
\amegaForwardGemmaMean,paper/auto_numbers.tex,0.003,B,Phase 4,verdict-dependent (amega)
\amegaForwardOssMean,paper/auto_numbers.tex,0.001,B,Phase 4,verdict-dependent (amega)
\amegaForwardRankAgreement,paper/auto_numbers.tex,3/3,B,Phase 4,verdict-dependent (amega)
\withinOnlyRate,paper/auto_numbers.tex,40.8,B,Phase 3,verdict-dependent (hi)
\numEOnePairs,paper/auto_numbers.tex,--,B,Phase 3,placeholder (pending computation)
\numEpisodesDS,paper/auto_numbers.tex,--,C,,config/threshold parameter
\numEpisodesQwenFour,paper/auto_numbers.tex,--,C,,config/threshold parameter
\numEpisodesQwenTwentySeven,paper/auto_numbers.tex,--,C,,config/threshold parameter
\numEpisodesQwenThirtyFive,paper/auto_numbers.tex,--,C,,config/threshold parameter
\numEpisodesNemo,paper/auto_numbers.tex,--,C,,config/threshold parameter
\numEpisodesGemma,paper/auto_numbers.tex,--,C,,config/threshold parameter
\numEpisodesOSS,paper/auto_numbers.tex,--,C,,config/threshold parameter
\numEpisodesQwenThreeNineSeven,paper/auto_numbers.tex,--,C,,config/threshold parameter
\faDeepSeek,paper/auto_numbers.tex,--,B,Phase 3,verdict-dependent (fa)
\faQwenFour,paper/auto_numbers.tex,--,B,Phase 3,verdict-dependent (fa)
\faQwenTwentySeven,paper/auto_numbers.tex,--,B,Phase 3,verdict-dependent (fa)
\faQwenThirtyFive,paper/auto_numbers.tex,--,B,Phase 3,verdict-dependent (fa)
\faNemo,paper/auto_numbers.tex,--,B,Phase 3,verdict-dependent (fa)
\faGemma,paper/auto_numbers.tex,--,B,Phase 3,verdict-dependent (fa)
\faOSS,paper/auto_numbers.tex,--,B,Phase 3,verdict-dependent (fa)
\faQwenThreeNineSeven,paper/auto_numbers.tex,--,B,Phase 3,verdict-dependent (fa)
\bsrDSN,paper/auto_numbers.tex,--,B,Phase 2,verdict-dependent (bsr)
\bsrDSFail,paper/auto_numbers.tex,--,B,Phase 2,verdict-dependent (fa)
\bsrDSPct,paper/auto_numbers.tex,--,B,Phase 2,verdict-dependent (bsr)
\bsrQfourN,paper/auto_numbers.tex,--,B,Phase 2,verdict-dependent (bsr)
\bsrQfourFail,paper/auto_numbers.tex,--,B,Phase 2,verdict-dependent (fa)
\bsrQfourPct,paper/auto_numbers.tex,--,B,Phase 2,verdict-dependent (bsr)
\bsrQtwentysevenN,paper/auto_numbers.tex,--,B,Phase 2,verdict-dependent (bsr)
\bsrQtwentysevenFail,paper/auto_numbers.tex,--,B,Phase 2,verdict-dependent (fa)
\bsrQtwentysevenPct,paper/auto_numbers.tex,--,B,Phase 2,verdict-dependent (bsr)
\bsrQthirtyfiveN,paper/auto_numbers.tex,--,B,Phase 2,verdict-dependent (hi)
\bsrQthirtyfiveFail,paper/auto_numbers.tex,--,B,Phase 2,verdict-dependent (fa)
\bsrQthirtyfivePct,paper/auto_numbers.tex,--,B,Phase 2,verdict-dependent (hi)
\bsrNemoN,paper/auto_numbers.tex,--,B,Phase 2,verdict-dependent (bsr)
\bsrNemoFail,paper/auto_numbers.tex,--,B,Phase 2,verdict-dependent (fa)
\bsrNemoPct,paper/auto_numbers.tex,--,B,Phase 2,verdict-dependent (bsr)
\bsrGemmaN,paper/auto_numbers.tex,--,B,Phase 2,verdict-dependent (gemma)
\bsrGemmaFail,paper/auto_numbers.tex,--,B,Phase 2,verdict-dependent (fa)
\bsrGemmaPct,paper/auto_numbers.tex,--,B,Phase 2,verdict-dependent (gemma)
\bsrOSSN,paper/auto_numbers.tex,--,B,Phase 2,verdict-dependent (bsr)
\bsrOSSFail,paper/auto_numbers.tex,--,B,Phase 2,verdict-dependent (fa)
\bsrOSSPct,paper/auto_numbers.tex,--,B,Phase 2,verdict-dependent (bsr)
\bsrQthreenineN,paper/auto_numbers.tex,--,B,Phase 2,verdict-dependent (bsr)
\bsrQthreenineFail,paper/auto_numbers.tex,--,B,Phase 2,verdict-dependent (fa)
\bsrQthreeninePct,paper/auto_numbers.tex,--,B,Phase 2,verdict-dependent (bsr)
\bsrAllN,paper/auto_numbers.tex,--,B,Phase 2,verdict-dependent (bsr)
\bsrAllFail,paper/auto_numbers.tex,--,B,Phase 2,verdict-dependent (fa)
\bsrAllPct,paper/auto_numbers.tex,--,B,Phase 2,verdict-dependent (bsr)
\cresOneDNEpisodes,paper/auto_numbers.tex,"14{,",B,Phase 3,verdict-dependent (cres)
\cresOneDNFeatures,paper/auto_numbers.tex,49,B,Phase 3,verdict-dependent (cres)
\cresOneDAUCFull,paper/auto_numbers.tex,0.995,B,Phase 3,verdict-dependent (cres)
\cresOneDAUCASC,paper/auto_numbers.tex,0.947,B,Phase 3,verdict-dependent (cres)
\cresOneDDeltaAUC,paper/auto_numbers.tex,+0.048,B,Phase 3,verdict-dependent (cres)
\cresOneDTopFeature,paper/auto_numbers.tex,n\_med\_actions,B,Phase 3,verdict-dependent (cres)
\cresFiveEtaSq,paper/auto_numbers.tex,0.072,B,Phase 3,verdict-dependent (cres)
\cresFiveEtaRun,paper/auto_numbers.tex,0.0515,B,Phase 3,verdict-dependent (cres)
\cresFiveCohenF,paper/auto_numbers.tex,0.078,B,Phase 3,verdict-dependent (cres)
\cresFiveCliffDelta,paper/auto_numbers.tex,-0.225,B,Phase 3,verdict-dependent (cres)
\cresFiveVPC,paper/auto_numbers.tex,0.072,B,Phase 3,verdict-dependent (cres)
\cresSevenClassA,paper/auto_numbers.tex,0,B,Phase 3,verdict-dependent (cres)
\cresSevenClassB,paper/auto_numbers.tex,"2{,",B,Phase 3,verdict-dependent (cres)
\cresSevenClassBFrac,paper/auto_numbers.tex,0.330,B,Phase 3,verdict-dependent (cres)
\cresSevenInvisiblePct,paper/auto_numbers.tex,33.0,B,Phase 3,verdict-dependent (cres)
\cresOneESemanticACProxyKappa,paper/auto_numbers.tex,-0.61,B,Phase 3,verdict-dependent (kappa)
\cresOneESemanticMABProxyKappa,paper/auto_numbers.tex,-0.91,B,Phase 3,verdict-dependent (kappa)
\cresOneENSemanticInversions,paper/auto_numbers.tex,2,B,Phase 3,verdict-dependent (cres)
\cresOneENTautologicalFlips,paper/auto_numbers.tex,2,B,Phase 3,verdict-dependent (cres)
\cresOneEOverallAgreement,paper/auto_numbers.tex,0.0,B,Phase 3,verdict-dependent (cres)
\cresThirteenTotalTokens,paper/auto_numbers.tex,"505{,",B,Phase 3,verdict-dependent (hi)
\cresThirteenMedianTokensPerEp,paper/auto_numbers.tex,"29{,",B,Phase 3,verdict-dependent (hi)
\cresThirteenAHundredHours,paper/auto_numbers.tex,14.04,B,Phase 3,verdict-dependent (hi)
\cresThirteenCOtwoKg,paper/auto_numbers.tex,1.68,B,Phase 3,verdict-dependent (hi)
\cresThirteenGridIntensity,paper/auto_numbers.tex,0.3,B,Phase 3,verdict-dependent (hi)
\cresThirteenTotalEpisodes,paper/auto_numbers.tex,"14{,",B,Phase 3,verdict-dependent (hi)
\llmCatalogueQwen,paper/auto_numbers.tex,1268,B,Phase 3,verdict-dependent (catalogue)
\llmCatalogueGptOss,paper/auto_numbers.tex,1286,B,Phase 3,verdict-dependent (catalogue)
\cdeCatalogueSize,paper/auto_numbers.tex,1049,A,,system/structural constant
\perTypeMustCDE,paper/auto_numbers.tex,557,A,,system/structural constant
\perTypeMustQwen,paper/auto_numbers.tex,434,A,,system/structural constant
\perTypeMustGptOss,paper/auto_numbers.tex,490,A,,system/structural constant
\perTypeForbidCDE,paper/auto_numbers.tex,212,A,,system/structural constant
\perTypeForbidQwen,paper/auto_numbers.tex,592,A,,system/structural constant
\perTypeForbidGptOss,paper/auto_numbers.tex,572,A,,system/structural constant
\perTypeWithinCDE,paper/auto_numbers.tex,215,A,,system/structural constant
\perTypeWithinQwen,paper/auto_numbers.tex,182,A,,system/structural constant
\perTypeWithinGptOss,paper/auto_numbers.tex,190,A,,system/structural constant
\perTypeBeforeCDE,paper/auto_numbers.tex,65,A,,system/structural constant
\perTypeBeforeQwen,paper/auto_numbers.tex,60,A,,system/structural constant
\perTypeBeforeGptOss,paper/auto_numbers.tex,34,A,,system/structural constant
\mustRatioQwen,paper/auto_numbers.tex,0.78,B,Phase 3,default (unclassified)
\mustRatioGptOss,paper/auto_numbers.tex,0.88,B,Phase 3,default (unclassified)
\forbidRatioQwen,paper/auto_numbers.tex,2.79,B,Phase 3,verdict-dependent (or)
\forbidRatioGptOss,paper/auto_numbers.tex,2.70,B,Phase 3,verdict-dependent (or)
\withinRatioQwen,paper/auto_numbers.tex,0.85,B,Phase 3,verdict-dependent (hi)
\withinRatioGptOss,paper/auto_numbers.tex,0.88,B,Phase 3,verdict-dependent (hi)
\beforeRatioQwen,paper/auto_numbers.tex,0.92,B,Phase 3,verdict-dependent (or)
\beforeRatioGptOss,paper/auto_numbers.tex,0.52,B,Phase 3,verdict-dependent (or)
\methodClassDelta,paper/auto_numbers.tex,0.10,A,,system/structural constant
\qwenTotalRatio,paper/auto_numbers.tex,1.21,B,Phase 3,default (unclassified)
\gptOssTotalRatio,paper/auto_numbers.tex,1.23,B,Phase 3,default (unclassified)
\totalRatioDelta,paper/auto_numbers.tex,0.02,B,Phase 3,verdict-dependent (delta)
\mainReplTriplePct,paper/auto_numbers.tex,36.31,B,Phase 3,verdict-dependent (repl)
\mainReplRatioTriple,paper/auto_numbers.tex,5.50,B,Phase 3,verdict-dependent (repl)
\mainReplVTwoTriplePct,paper/auto_numbers.tex,36.95,B,Phase 3,verdict-dependent (repl)
\mainReplVTwoRatioTriple,paper/auto_numbers.tex,5.60,B,Phase 3,verdict-dependent (repl)
\dualFamilyDelta,paper/auto_numbers.tex,0.10,B,Phase 3,verdict-dependent (fa)
\numAuditShims,paper/auto_numbers.tex,15,C,,corpus/config parameter
\numAuditTests,paper/auto_numbers.tex,242,C,,corpus/config parameter
\numAuditTestFiles,paper/auto_numbers.tex,10,C,,corpus/config parameter
\kitSixSteps,paper/auto_numbers.tex,6,C,,corpus/config parameter
\cSixSameClassTau,paper/auto_numbers.tex,0.473,B,Phase 3,default (unclassified)
\cSixCrossClassTau,paper/auto_numbers.tex,0.192,B,Phase 3,verdict-dependent (cross)
\cSixTauGap,paper/auto_numbers.tex,0.281,B,Phase 3,verdict-dependent (gap)
\cSixNSameClassPairs,paper/auto_numbers.tex,5,B,Phase 3,default (unclassified)
\cSixNCrossClassPairs,paper/auto_numbers.tex,10,B,Phase 3,verdict-dependent (cross)
\cSixPermP,paper/auto_numbers.tex,0.22,B,Phase 3,default (unclassified)
\piPoolExtNEval,paper/auto_numbers.tex,19,B,Phase 3,default (unclassified)
\piPoolExtNPairs,paper/auto_numbers.tex,171,B,Phase 3,default (unclassified)
\piPoolExtSameTau,paper/auto_numbers.tex,0.212,B,Phase 3,verdict-dependent (eta)
\piPoolExtCrossTau,paper/auto_numbers.tex,0.203,B,Phase 3,verdict-dependent (cross)
\piPoolExtGap,paper/auto_numbers.tex,0.011,B,Phase 3,verdict-dependent (gap)
\piPoolExtPermP,paper/auto_numbers.tex,0.87,B,Phase 3,default (unclassified)
\piHeldoutNCPG,paper/auto_numbers.tex,5,B,Phase 4,verdict-dependent (heldout)
\piHeldoutNEpisodes,paper/auto_numbers.tex,798,B,Phase 4,verdict-dependent (heldout)
\piHeldoutGap,paper/auto_numbers.tex,0.460,B,Phase 4,verdict-dependent (heldout)
\piPerDomainConcord,paper/auto_numbers.tex,14,B,Phase 3,verdict-dependent (or)
\piPerDomainTotal,paper/auto_numbers.tex,15,B,Phase 3,default (unclassified)
\piPerDomainMedGap,paper/auto_numbers.tex,0.365,B,Phase 3,verdict-dependent (gap)
\piClusterP,paper/auto_numbers.tex,0.12,B,Phase 3,default (unclassified)
\piMixedBeta,paper/auto_numbers.tex,0.233,B,Phase 3,verdict-dependent (eta)
\piMixedSE,paper/auto_numbers.tex,0.164,B,Phase 3,default (unclassified)
\piMixedICC,paper/auto_numbers.tex,0.30,B,Phase 3,default (unclassified)
\piAltMetrics,paper/auto_numbers.tex,5,B,Phase 3,default (unclassified)
\piAltReversals,paper/auto_numbers.tex,0,B,Phase 3,verdict-dependent (reversal)
\piEvpMismatch,paper/auto_numbers.tex,6,B,Phase 3,default (unclassified)
\piEvpTotal,paper/auto_numbers.tex,6,B,Phase 3,default (unclassified)
\acProxyTau,paper/auto_numbers.tex,1.000,B,Phase 3,verdict-dependent (acproxy)
\dxemPassRate,paper/auto_numbers.tex,100.0,B,Phase 2,verdict-dependent (pass)
\violCountSpuriousRho,paper/auto_numbers.tex,0.74,B,Phase 3,verdict-dependent (count)
\piNordWitnessBSR,paper/auto_numbers.tex,0.4914,B,Phase 2,verdict-dependent (witness)
\piNordFloor,paper/auto_numbers.tex,0.003,B,Phase 3,verdict-dependent (floor)
\piNordGapFactor,paper/auto_numbers.tex,164,B,Phase 3,verdict-dependent (fa)
\extMABNativeBSR,paper/auto_numbers.tex,0.4839,B,Phase 2,verdict-dependent (native)
\extARTNativeBSR,paper/auto_numbers.tex,0.4430,B,Phase 2,verdict-dependent (native)
\extAgentEHRNativeBSR,paper/auto_numbers.tex,0.4243,B,Phase 2,verdict-dependent (native)
\extHealthBenchNativeBSR,paper/auto_numbers.tex,0.5210,B,Phase 2,verdict-dependent (native)
\numCandidatePool,paper/auto_numbers.tex,123,A,,override
\cpgSelectionCriteriaCount,paper/auto_numbers.tex,12,A,,override
\heldoutSpotCheckN,paper/auto_numbers.tex,8,C,,config/threshold parameter
\heldoutSpotCheckDelta,paper/auto_numbers.tex,1.75,C,,config/threshold parameter
\heldoutSpotCheckRho,paper/auto_numbers.tex,0.82,C,,config/threshold parameter
\heldoutSpotCheckRhoLo,paper/auto_numbers.tex,0.48,C,,config/threshold parameter
\heldoutSpotCheckRhoHi,paper/auto_numbers.tex,0.95,C,,config/threshold parameter
\heldoutSpotCheckDeltaLo,paper/auto_numbers.tex,0.8,C,,config/threshold parameter
\heldoutSpotCheckDeltaHi,paper/auto_numbers.tex,2.7,C,,config/threshold parameter
\auditNEvaluators,evidence_pack/audit/audit_macros.tex,6,B,Phase 3,verdict-dependent (audit)
\auditNEpisodes,evidence_pack/audit/audit_macros.tex,"14{,",B,Phase 3,verdict-dependent (audit)
\auditNSeparatingPairs,evidence_pack/audit/audit_macros.tex,20,B,Phase 3,verdict-dependent (audit)
\auditNHardViolating,evidence_pack/audit/audit_macros.tex,"7{,",B,Phase 3,verdict-dependent (audit)
\auditPiDxEM,evidence_pack/audit/audit_macros.tex,term,B,Phase 3,verdict-dependent (audit)
\auditPiACProxy,evidence_pack/audit/audit_macros.tex,nctx,B,Phase 3,verdict-dependent (audit)
\auditPiMABProxy,evidence_pack/audit/audit_macros.tex,term,B,Phase 3,verdict-dependent (audit)
\auditPiCTwo,evidence_pack/audit/audit_macros.tex,aset,B,Phase 3,verdict-dependent (ctwo)
\auditPiACov,evidence_pack/audit/audit_macros.tex,nctx,B,Phase 3,verdict-dependent (audit)
\auditPiTCC,evidence_pack/audit/audit_macros.tex,nctx,B,Phase 3,verdict-dependent (tcc)
\auditBSRDxEM,evidence_pack/audit/audit_macros.tex,0.516,B,Phase 2,verdict-dependent (audit)
\auditBSRACProxy,evidence_pack/audit/audit_macros.tex,0.416,B,Phase 2,verdict-dependent (audit)
\auditBSRMABProxy,evidence_pack/audit/audit_macros.tex,0.398,B,Phase 2,verdict-dependent (audit)
\auditBSRCTwo,evidence_pack/audit/audit_macros.tex,0.581,B,Phase 2,verdict-dependent (ctwo)
\auditBSRACov,evidence_pack/audit/audit_macros.tex,0.416,B,Phase 2,verdict-dependent (audit)
\auditBSRTCC,evidence_pack/audit/audit_macros.tex,0.000,B,Phase 2,verdict-dependent (tcc)
\auditBSRPctDxEM,evidence_pack/audit/audit_macros.tex,51.6,B,Phase 2,verdict-dependent (audit)
\auditBSRPctACProxy,evidence_pack/audit/audit_macros.tex,41.6,B,Phase 2,verdict-dependent (audit)
\auditBSRPctMABProxy,evidence_pack/audit/audit_macros.tex,39.8,B,Phase 2,verdict-dependent (audit)
\auditBSRPctCTwo,evidence_pack/audit/audit_macros.tex,58.1,B,Phase 2,verdict-dependent (ctwo)
\auditBSRPctACov,evidence_pack/audit/audit_macros.tex,41.6,B,Phase 2,verdict-dependent (audit)
\auditBSRPctTCC,evidence_pack/audit/audit_macros.tex,0.0,B,Phase 2,verdict-dependent (tcc)
\auditBayesDxEM,evidence_pack/audit/audit_macros.tex,0.436,B,Phase 3,verdict-dependent (bayes)
\auditBayesACProxy,evidence_pack/audit/audit_macros.tex,0.003,B,Phase 3,verdict-dependent (bayes)
\auditBayesMABProxy,evidence_pack/audit/audit_macros.tex,0.436,B,Phase 3,verdict-dependent (bayes)
\auditBayesCTwo,evidence_pack/audit/audit_macros.tex,0.024,B,Phase 3,verdict-dependent (ctwo)
\auditBayesACov,evidence_pack/audit/audit_macros.tex,0.003,B,Phase 3,verdict-dependent (bayes)
\auditBayesTCC,evidence_pack/audit/audit_macros.tex,0.003,B,Phase 3,verdict-dependent (tcc)
\auditFADxEM,evidence_pack/audit/audit_macros.tex,"7{,",B,Phase 3,verdict-dependent (fa)
\auditFAACProxy,evidence_pack/audit/audit_macros.tex,"4{,",B,Phase 3,verdict-dependent (fa)
\auditFAMABProxy,evidence_pack/audit/audit_macros.tex,"3{,",B,Phase 3,verdict-dependent (fa)
\auditFACTwo,evidence_pack/audit/audit_macros.tex,"3{,",B,Phase 3,verdict-dependent (fa)
\auditFAACov,evidence_pack/audit/audit_macros.tex,"4{,",B,Phase 3,verdict-dependent (fa)
\auditFATCC,evidence_pack/audit/audit_macros.tex,0,B,Phase 3,verdict-dependent (fa)
\auditBayesDxEMPct,evidence_pack/audit/audit_macros.tex,43.6,B,Phase 3,verdict-dependent (bayes)
\auditBayesCTwoPct,evidence_pack/audit/audit_macros.tex,2.4,B,Phase 3,verdict-dependent (ctwo)
\auditBSRMax,evidence_pack/audit/audit_macros.tex,58.1,B,Phase 2,verdict-dependent (audit)
\auditBSRMin,evidence_pack/audit/audit_macros.tex,39.8,B,Phase 2,verdict-dependent (audit)
\auditBSRRange,evidence_pack/audit/audit_macros.tex,39.8--58.1,B,Phase 2,verdict-dependent (audit)
\evpViolCountPi,evidence_pack/audit/audit_macros.tex,nctx,B,Phase 3,verdict-dependent (count)
\evpViolCountBSRPct,evidence_pack/audit/audit_macros.tex,63.9,B,Phase 2,verdict-dependent (count)
\evpViolCountBayes,evidence_pack/audit/audit_macros.tex,0.003,B,Phase 3,verdict-dependent (count)
\evpViolCountFAPct,evidence_pack/audit/audit_macros.tex,51.6,B,Phase 3,verdict-dependent (fa)
\evpLLMJudgePi,evidence_pack/audit/audit_macros.tex,term,B,Phase 4,verdict-dependent (judge)
\evpLLMJudgeBSRPct,evidence_pack/audit/audit_macros.tex,49.2,B,Phase 2,verdict-dependent (judge)
\evpLLMJudgeBayes,evidence_pack/audit/audit_macros.tex,0.436,B,Phase 4,verdict-dependent (judge)
\evpLLMJudgeFAPct,evidence_pack/audit/audit_macros.tex,1.7,B,Phase 3,verdict-dependent (fa)
\auditRedundantTau,evidence_pack/audit/audit_macros.tex,1.000,B,Phase 3,verdict-dependent (audit)
\auditNDistinctEvaluators,evidence_pack/audit/audit_macros.tex,5,B,Phase 3,verdict-dependent (audit)
\auditDetLossDxEM,evidence_pack/audit/audit_macros.tex,100.0,B,Phase 3,verdict-dependent (audit)
\auditDetLossACProxy,evidence_pack/audit/audit_macros.tex,65.3,B,Phase 3,verdict-dependent (audit)
\auditDetLossMABProxy,evidence_pack/audit/audit_macros.tex,43.9,B,Phase 3,verdict-dependent (audit)
\auditDetLossCTwo,evidence_pack/audit/audit_macros.tex,44.7,B,Phase 3,verdict-dependent (ctwo)
\auditDetLossACov,evidence_pack/audit/audit_macros.tex,65.3,B,Phase 3,verdict-dependent (audit)
\bayesErrRowMeanTerm,evidence_pack/audit/bayes_matrix_derived_macros.tex,0.1924,B,Phase 3,verdict-dependent (term)
\bayesErrRowMeanAset,evidence_pack/audit/bayes_matrix_derived_macros.tex,0.0334,B,Phase 3,verdict-dependent (mean)
\bayesErrRowMeanNord,evidence_pack/audit/bayes_matrix_derived_macros.tex,0.0084,B,Phase 3,verdict-dependent (mean)
\bayesErrRowMeanNctx,evidence_pack/audit/bayes_matrix_derived_macros.tex,0.0074,B,Phase 3,verdict-dependent (mean)
\bayesErrColMeanOmit,evidence_pack/audit/bayes_matrix_derived_macros.tex,0.1167,B,Phase 3,verdict-dependent (mean)
\bayesErrColMeanCommit,evidence_pack/audit/bayes_matrix_derived_macros.tex,0.0310,B,Phase 3,verdict-dependent (mean)
\bayesErrColMeanTime,evidence_pack/audit/bayes_matrix_derived_macros.tex,0.1118,B,Phase 3,verdict-dependent (mean)
\bayesErrColMeanSeq,evidence_pack/audit/bayes_matrix_derived_macros.tex,0.0050,B,Phase 3,verdict-dependent (mean)
\bayesErrColMeanDev,evidence_pack/audit/bayes_matrix_derived_macros.tex,0.0375,B,Phase 3,verdict-dependent (mean)
\bayesErrSharpestViolType,evidence_pack/audit/bayes_matrix_derived_macros.tex,TIMING,B,Phase 3,verdict-dependent (bayes)
\bayesErrSharpestFrom,evidence_pack/audit/bayes_matrix_derived_macros.tex,term,B,Phase 3,verdict-dependent (bayes)
\bayesErrSharpestTo,evidence_pack/audit/bayes_matrix_derived_macros.tex,aset,B,Phase 3,verdict-dependent (bayes)
\bayesErrSharpestDrop,evidence_pack/audit/bayes_matrix_derived_macros.tex,0.411,B,Phase 3,verdict-dependent (bayes)
\cSixNPairs,evidence_pack/audit/c6_selection_macros.tex,15,B,Phase 3,default (unclassified)
\cSixAuditTau,evidence_pack/audit/c6_selection_macros.tex,0.0000,B,Phase 3,verdict-dependent (audit)
\cSixAuditDist,evidence_pack/audit/c6_selection_macros.tex,3,B,Phase 3,verdict-dependent (audit)
\cSixAuditPairA,evidence_pack/audit/c6_selection_macros.tex,ac\_proxy,B,Phase 3,verdict-dependent (audit)
\cSixAuditPairB,evidence_pack/audit/c6_selection_macros.tex,dxem,B,Phase 3,verdict-dependent (audit)
\cSixSameClassMean,evidence_pack/audit/c6_selection_macros.tex,0.4729,B,Phase 3,verdict-dependent (mean)
\cSixCrossClassMean,evidence_pack/audit/c6_selection_macros.tex,0.1915,B,Phase 3,verdict-dependent (cross)
\cSixSeparation,evidence_pack/audit/c6_selection_macros.tex,true,B,Phase 3,default (unclassified)
\ensembleNPairs,evidence_pack/audit/ensemble_bsr_macros.tex,10,B,Phase 3,verdict-dependent (ensemble)
\ensembleSameAndMean,evidence_pack/audit/ensemble_bsr_macros.tex,0.4068,B,Phase 3,verdict-dependent (ensemble)
\ensembleCrossAndMean,evidence_pack/audit/ensemble_bsr_macros.tex,0.4874,B,Phase 3,verdict-dependent (cross)
\ensembleSameOrMean,evidence_pack/audit/ensemble_bsr_macros.tex,0.4661,B,Phase 3,verdict-dependent (ensemble)
\ensembleCrossOrMean,evidence_pack/audit/ensemble_bsr_macros.tex,0.4580,B,Phase 3,verdict-dependent (cross)
\ensembleSameNPairs,evidence_pack/audit/ensemble_bsr_macros.tex,2,B,Phase 3,verdict-dependent (ensemble)
\ensembleCrossNPairs,evidence_pack/audit/ensemble_bsr_macros.tex,8,B,Phase 3,verdict-dependent (cross)
\ensembleBestPairA,evidence_pack/audit/ensemble_bsr_macros.tex,ac\_proxy,B,Phase 3,verdict-dependent (ensemble)
\ensembleBestPairB,evidence_pack/audit/ensemble_bsr_macros.tex,mab\_proxy,B,Phase 3,verdict-dependent (ensemble)
\ensembleBestAndBSR,evidence_pack/audit/ensemble_bsr_macros.tex,0.3900,B,Phase 2,verdict-dependent (ensemble)
\ensembleHypothesis,evidence_pack/audit/ensemble_bsr_macros.tex,false,B,Phase 3,verdict-dependent (ensemble)
\ensembleBestIndividualBSR,evidence_pack/audit/ensemble_bsr_macros.tex,0.3975,B,Phase 2,verdict-dependent (ensemble)
\ensembleReduction,evidence_pack/audit/ensemble_bsr_macros.tex,0.0075,B,Phase 3,verdict-dependent (ensemble)
\ensembleSameAndMeanPct,evidence_pack/audit/ensemble_bsr_macros.tex,40.7,B,Phase 3,verdict-dependent (ensemble)
\ensembleCrossAndMeanPct,evidence_pack/audit/ensemble_bsr_macros.tex,48.7,B,Phase 3,verdict-dependent (cross)
\piNordFloor,evidence_pack/audit/pi_nord_witness_macros.tex,0.003,B,Phase 3,verdict-dependent (floor)
\piNordWitnessBestName,evidence_pack/audit/pi_nord_witness_macros.tex,V3\_half\_expected,B,Phase 3,verdict-dependent (witness)
\piNordWitnessBestBSR,evidence_pack/audit/pi_nord_witness_macros.tex,0.4914,B,Phase 2,verdict-dependent (witness)
\piNordWitnessBestBSRPct,evidence_pack/audit/pi_nord_witness_macros.tex,49.1,B,Phase 2,verdict-dependent (witness)
\piNordWitnessRatioToFloor,evidence_pack/audit/pi_nord_witness_macros.tex,164,B,Phase 3,verdict-dependent (witness)
\piNordWitnessGap,evidence_pack/audit/pi_nord_witness_macros.tex,0.4884,B,Phase 3,verdict-dependent (witness)
\piNordWitnessFR,evidence_pack/audit/pi_nord_witness_macros.tex,1948,B,Phase 3,verdict-dependent (witness)
\piNordWitnessFA,evidence_pack/audit/pi_nord_witness_macros.tex,5338,B,Phase 3,verdict-dependent (witness)
\piNordWitnessStrictBSR,evidence_pack/audit/pi_nord_witness_macros.tex,0.5076,B,Phase 2,verdict-dependent (witness)
\piNordWitnessNoForbiddenBSR,evidence_pack/audit/pi_nord_witness_macros.tex,0.5735,B,Phase 2,verdict-dependent (witness)
\piNordWitnessNEpisodes,evidence_pack/audit/pi_nord_witness_macros.tex,"14,826",B,Phase 3,verdict-dependent (witness)
\piAltKendallSame,evidence_pack/audit/piclass_alt_metrics_canonical6_macros.tex,0.4729,B,Phase 3,verdict-dependent (kendall)
\piAltKendallCross,evidence_pack/audit/piclass_alt_metrics_canonical6_macros.tex,0.1915,B,Phase 3,verdict-dependent (cross)
\piAltKendallGap,evidence_pack/audit/piclass_alt_metrics_canonical6_macros.tex,0.2814,B,Phase 3,verdict-dependent (kendall)
\piAltSpearmanSame,evidence_pack/audit/piclass_alt_metrics_canonical6_macros.tex,0.4729,B,Phase 3,verdict-dependent (spearman)
\piAltSpearmanCross,evidence_pack/audit/piclass_alt_metrics_canonical6_macros.tex,0.1915,B,Phase 3,verdict-dependent (cross)
\piAltSpearmanGap,evidence_pack/audit/piclass_alt_metrics_canonical6_macros.tex,0.2814,B,Phase 3,verdict-dependent (spearman)
\piAltPearsonSame,evidence_pack/audit/piclass_alt_metrics_canonical6_macros.tex,0.4729,B,Phase 3,default (unclassified)
\piAltPearsonCross,evidence_pack/audit/piclass_alt_metrics_canonical6_macros.tex,0.1915,B,Phase 3,verdict-dependent (cross)
\piAltPearsonGap,evidence_pack/audit/piclass_alt_metrics_canonical6_macros.tex,0.2814,B,Phase 3,verdict-dependent (gap)
\piAltKappaSame,evidence_pack/audit/piclass_alt_metrics_canonical6_macros.tex,0.4537,B,Phase 3,verdict-dependent (kappa)
\piAltKappaCross,evidence_pack/audit/piclass_alt_metrics_canonical6_macros.tex,0.1661,B,Phase 3,verdict-dependent (cross)
\piAltKappaGap,evidence_pack/audit/piclass_alt_metrics_canonical6_macros.tex,0.2876,B,Phase 3,verdict-dependent (kappa)
\piAltPhiSame,evidence_pack/audit/piclass_alt_metrics_canonical6_macros.tex,0.4729,B,Phase 3,verdict-dependent (hi)
\piAltPhiCross,evidence_pack/audit/piclass_alt_metrics_canonical6_macros.tex,0.1915,B,Phase 3,verdict-dependent (cross)
\piAltPhiGap,evidence_pack/audit/piclass_alt_metrics_canonical6_macros.tex,0.2814,B,Phase 3,verdict-dependent (hi)
\piAltReversalCount,evidence_pack/audit/piclass_alt_metrics_canonical6_macros.tex,0,B,Phase 3,verdict-dependent (count)
\piBsrIndepNEval,evidence_pack/audit/piclass_bsr_independence_macros.tex,19,B,Phase 2,verdict-dependent (bsr)
\piBsrIndepRho,evidence_pack/audit/piclass_bsr_independence_macros.tex,-0.1829,B,Phase 2,verdict-dependent (bsr)
\piBsrIndepRhoP,evidence_pack/audit/piclass_bsr_independence_macros.tex,0.4537,B,Phase 2,verdict-dependent (bsr)
\piBsrIndepNOverlap,evidence_pack/audit/piclass_bsr_independence_macros.tex,3,B,Phase 2,verdict-dependent (bsr)
\piBsrIndepNTotal,evidence_pack/audit/piclass_bsr_independence_macros.tex,3,B,Phase 2,verdict-dependent (bsr)
\piBsrIndepAsetMean,evidence_pack/audit/piclass_bsr_independence_macros.tex,0.5445,B,Phase 2,verdict-dependent (mean)
\piBsrIndepAsetMin,evidence_pack/audit/piclass_bsr_independence_macros.tex,0.5076,B,Phase 2,verdict-dependent (bsr)
\piBsrIndepAsetMax,evidence_pack/audit/piclass_bsr_independence_macros.tex,0.5814,B,Phase 2,verdict-dependent (bsr)
\piBsrIndepNctxMean,evidence_pack/audit/piclass_bsr_independence_macros.tex,0.3900,B,Phase 2,verdict-dependent (mean)
\piBsrIndepNctxMin,evidence_pack/audit/piclass_bsr_independence_macros.tex,0.0000,B,Phase 2,verdict-dependent (bsr)
\piBsrIndepNctxMax,evidence_pack/audit/piclass_bsr_independence_macros.tex,0.6393,B,Phase 2,verdict-dependent (bsr)
\piBsrIndepTermMean,evidence_pack/audit/piclass_bsr_independence_macros.tex,0.4808,B,Phase 2,verdict-dependent (term)
\piBsrIndepTermMin,evidence_pack/audit/piclass_bsr_independence_macros.tex,0.3975,B,Phase 2,verdict-dependent (term)
\piBsrIndepTermMax,evidence_pack/audit/piclass_bsr_independence_macros.tex,0.5161,B,Phase 2,verdict-dependent (term)
\piEvpNTotal,evidence_pack/audit/piclass_evp_expansion_macros.tex,6,B,Phase 3,default (unclassified)
\piEvpNMatch,evidence_pack/audit/piclass_evp_expansion_macros.tex,0,B,Phase 3,default (unclassified)
\piEvpNMiss,evidence_pack/audit/piclass_evp_expansion_macros.tex,6,B,Phase 3,default (unclassified)
\piHeldoutNEp,evidence_pack/audit/piclass_heldout_canonical6_macros.tex,798,B,Phase 4,verdict-dependent (heldout)
\piHeldoutSame,evidence_pack/audit/piclass_heldout_canonical6_macros.tex,0.4249,B,Phase 4,verdict-dependent (heldout)
\piHeldoutCross,evidence_pack/audit/piclass_heldout_canonical6_macros.tex,-0.0354,B,Phase 4,verdict-dependent (cross)
\piHeldoutGap,evidence_pack/audit/piclass_heldout_canonical6_macros.tex,0.4603,B,Phase 4,verdict-dependent (heldout)
\piHeldoutCoreNEp,evidence_pack/audit/piclass_heldout_canonical6_macros.tex,"14,028",B,Phase 4,verdict-dependent (heldout)
\piHeldoutCoreSame,evidence_pack/audit/piclass_heldout_canonical6_macros.tex,0.4621,B,Phase 4,verdict-dependent (heldout)
\piHeldoutCoreCross,evidence_pack/audit/piclass_heldout_canonical6_macros.tex,0.2100,B,Phase 4,verdict-dependent (cross)
\piHeldoutCoreGap,evidence_pack/audit/piclass_heldout_canonical6_macros.tex,0.2521,B,Phase 4,verdict-dependent (heldout)
\piHeldoutDelta,evidence_pack/audit/piclass_heldout_canonical6_macros.tex,+0.2082,B,Phase 4,verdict-dependent (delta)
\piMixedN,evidence_pack/audit/piclass_mixed_canonical6_macros.tex,15,B,Phase 3,default (unclassified)
\piMixedBeta,evidence_pack/audit/piclass_mixed_canonical6_macros.tex,0.2328,B,Phase 3,verdict-dependent (eta)
\piMixedSE,evidence_pack/audit/piclass_mixed_canonical6_macros.tex,0.1639,B,Phase 3,default (unclassified)
\piMixedT,evidence_pack/audit/piclass_mixed_canonical6_macros.tex,1.421,B,Phase 3,default (unclassified)
\piMixedP,evidence_pack/audit/piclass_mixed_canonical6_macros.tex,0.1790,B,Phase 3,default (unclassified)
\piMixedICC,evidence_pack/audit/piclass_mixed_canonical6_macros.tex,0.2955,B,Phase 3,default (unclassified)
\piMixedJkMean,evidence_pack/audit/piclass_mixed_canonical6_macros.tex,0.2106,B,Phase 3,verdict-dependent (mean)
\piMixedJkSd,evidence_pack/audit/piclass_mixed_canonical6_macros.tex,0.1587,B,Phase 3,default (unclassified)
\piMixedLmBeta,evidence_pack/audit/piclass_mixed_canonical6_macros.tex,0.2087,B,Phase 3,verdict-dependent (eta)
\piMixedLmSE,evidence_pack/audit/piclass_mixed_canonical6_macros.tex,0.1609,B,Phase 3,default (unclassified)
\piMixedLmP,evidence_pack/audit/piclass_mixed_canonical6_macros.tex,0.1948,B,Phase 3,default (unclassified)
\piPerDomainN,evidence_pack/audit/piclass_per_domain_canonical6_macros.tex,15,B,Phase 3,default (unclassified)
\piPerDomainMedianGap,evidence_pack/audit/piclass_per_domain_canonical6_macros.tex,0.3654,B,Phase 3,verdict-dependent (median)
\piPerDomainNReversals,evidence_pack/audit/piclass_per_domain_canonical6_macros.tex,1,B,Phase 3,verdict-dependent (reversal)
\piPerDomainMinGap,evidence_pack/audit/piclass_per_domain_canonical6_macros.tex,-0.0466,B,Phase 3,verdict-dependent (gap)
\piPerDomainMaxGap,evidence_pack/audit/piclass_per_domain_canonical6_macros.tex,1.1682,B,Phase 3,verdict-dependent (gap)
\piPermB,evidence_pack/audit/piclass_permutation_macros.tex,"10,000",B,Phase 3,default (unclassified)
\piPermSeed,evidence_pack/audit/piclass_permutation_macros.tex,42,C,,config/threshold parameter
\piPermObsGap,evidence_pack/audit/piclass_permutation_macros.tex,0.2814,B,Phase 3,verdict-dependent (gap)
\piPermNullMean,evidence_pack/audit/piclass_permutation_macros.tex,0.0016,B,Phase 3,verdict-dependent (mean)
\piPermNullSd,evidence_pack/audit/piclass_permutation_macros.tex,0.2144,B,Phase 3,default (unclassified)
\piPermNExtreme,evidence_pack/audit/piclass_permutation_macros.tex,2222,B,Phase 3,default (unclassified)
\piPermP,evidence_pack/audit/piclass_permutation_macros.tex,0.2222,B,Phase 3,default (unclassified)
\piPoolNEval,evidence_pack/audit/piclass_pool_expand_macros.tex,19,B,Phase 3,default (unclassified)
\piPoolNPairs,evidence_pack/audit/piclass_pool_expand_macros.tex,171,B,Phase 3,default (unclassified)
\piPoolObsSame,evidence_pack/audit/piclass_pool_expand_macros.tex,0.2115,B,Phase 3,verdict-dependent (lo)
\piPoolObsCross,evidence_pack/audit/piclass_pool_expand_macros.tex,0.2008,B,Phase 3,verdict-dependent (cross)
\piPoolObsGap,evidence_pack/audit/piclass_pool_expand_macros.tex,0.0107,B,Phase 3,verdict-dependent (lo)
\piPoolPermB,evidence_pack/audit/piclass_pool_expand_macros.tex,"10,000",B,Phase 3,default (unclassified)
\piPoolPermNullMean,evidence_pack/audit/piclass_pool_expand_macros.tex,-0.0014,B,Phase 3,verdict-dependent (mean)
\piPoolPermNullSd,evidence_pack/audit/piclass_pool_expand_macros.tex,0.0689,B,Phase 3,default (unclassified)
\piPoolPermNExtreme,evidence_pack/audit/piclass_pool_expand_macros.tex,8710,B,Phase 3,default (unclassified)
\piPoolPermP,evidence_pack/audit/piclass_pool_expand_macros.tex,0.8710,B,Phase 3,default (unclassified)
\piPoolBootB,evidence_pack/audit/piclass_pool_expand_macros.tex,200,B,Phase 3,default (unclassified)
\piPoolBootSameLo,evidence_pack/audit/piclass_pool_expand_macros.tex,0.2073,B,Phase 3,verdict-dependent (lo)
\piPoolBootSameHi,evidence_pack/audit/piclass_pool_expand_macros.tex,0.2161,B,Phase 3,verdict-dependent (hi)
\piPoolBootCrossLo,evidence_pack/audit/piclass_pool_expand_macros.tex,0.1962,B,Phase 3,verdict-dependent (cross)
\piPoolBootCrossHi,evidence_pack/audit/piclass_pool_expand_macros.tex,0.2096,B,Phase 3,verdict-dependent (cross)
\piPoolBootGapLo,evidence_pack/audit/piclass_pool_expand_macros.tex,0.0026,B,Phase 3,verdict-dependent (lo)
\piPoolBootGapHi,evidence_pack/audit/piclass_pool_expand_macros.tex,0.0143,B,Phase 3,verdict-dependent (hi)
\piPoolBootOverlap,evidence_pack/audit/piclass_pool_expand_macros.tex,true,B,Phase 3,default (unclassified)
\piRandClusterB,evidence_pack/audit/piclass_random_cluster_canonical6_macros.tex,"10,000",B,Phase 3,default (unclassified)
\piRandClusterObsGap,evidence_pack/audit/piclass_random_cluster_canonical6_macros.tex,0.2814,B,Phase 3,verdict-dependent (gap)
\piRandClusterNullMean,evidence_pack/audit/piclass_random_cluster_canonical6_macros.tex,-0.0005,B,Phase 3,verdict-dependent (mean)
\piRandClusterNullSd,evidence_pack/audit/piclass_random_cluster_canonical6_macros.tex,0.2122,B,Phase 3,default (unclassified)
\piRandClusterNGe,evidence_pack/audit/piclass_random_cluster_canonical6_macros.tex,1168,B,Phase 3,default (unclassified)
\piRandClusterPct,evidence_pack/audit/piclass_random_cluster_canonical6_macros.tex,0.8832,B,Phase 3,verdict-dependent (pct)
\piRandClusterP,evidence_pack/audit/piclass_random_cluster_canonical6_macros.tex,0.1168,B,Phase 3,default (unclassified)
\mainReplLlmAscPct,evidence_pack/constraint_comparison/main_finding_full_replication_macros.tex,76.73,B,Phase 3,verdict-dependent (repl)
\mainReplLlmCwtPct,evidence_pack/constraint_comparison/main_finding_full_replication_macros.tex,69.12,B,Phase 3,verdict-dependent (repl)
\mainReplLlmPafPct,evidence_pack/constraint_comparison/main_finding_full_replication_macros.tex,91.20,B,Phase 3,verdict-dependent (paf)
\mainReplLlmTripleFAOnHard,evidence_pack/constraint_comparison/main_finding_full_replication_macros.tex,70.37,B,Phase 3,verdict-dependent (fa)
\mainReplLlmTripleFATotal,evidence_pack/constraint_comparison/main_finding_full_replication_macros.tex,36.31,B,Phase 3,verdict-dependent (fa)
\mainReplLlmDoubleFAOnHard,evidence_pack/constraint_comparison/main_finding_full_replication_macros.tex,70.37,B,Phase 3,verdict-dependent (fa)
\mainReplLlmDoubleFATotal,evidence_pack/constraint_comparison/main_finding_full_replication_macros.tex,36.31,B,Phase 3,verdict-dependent (fa)
\mainReplCdeTripleFA,evidence_pack/constraint_comparison/main_finding_full_replication_macros.tex,6.6,A,,system/structural constant
\mainReplCdeDoubleFA,evidence_pack/constraint_comparison/main_finding_full_replication_macros.tex,11.6,A,,system/structural constant
\mainReplRatioTriple,evidence_pack/constraint_comparison/main_finding_full_replication_macros.tex,5.50,B,Phase 3,verdict-dependent (repl)
\mainReplRatioDouble,evidence_pack/constraint_comparison/main_finding_full_replication_macros.tex,3.13,B,Phase 3,verdict-dependent (repl)
\cdeVsLlmCdeMust,evidence_pack/constraint_comparison/per_type_table_macros.tex,557,A,,system/structural constant
\cdeVsLlmCdeForbidden,evidence_pack/constraint_comparison/per_type_table_macros.tex,212,A,,system/structural constant
\cdeVsLlmCdeWithin,evidence_pack/constraint_comparison/per_type_table_macros.tex,215,A,,system/structural constant
\cdeVsLlmCdeBefore,evidence_pack/constraint_comparison/per_type_table_macros.tex,65,A,,system/structural constant
\cdeVsLlmCdeTotal,evidence_pack/constraint_comparison/per_type_table_macros.tex,1049,A,,system/structural constant
\bayesErrLlmTerm,evidence_pack/constraint_comparison/y3_bayes_extended_macros.tex,0.0150,B,Phase 3,verdict-dependent (term)
\bayesErrLlmAset,evidence_pack/constraint_comparison/y3_bayes_extended_macros.tex,0.0001,B,Phase 3,verdict-dependent (bayes)
\bayesErrLlmNord,evidence_pack/constraint_comparison/y3_bayes_extended_macros.tex,0.0000,B,Phase 3,verdict-dependent (bayes)
\bayesErrLlmNctx,evidence_pack/constraint_comparison/y3_bayes_extended_macros.tex,0.0000,B,Phase 3,verdict-dependent (bayes)
\bayesErrLlmOrderingPreserved,evidence_pack/constraint_comparison/y3_bayes_extended_macros.tex,true,B,Phase 3,verdict-dependent (bayes)
\bayesErrLlmDeltaTerm,evidence_pack/constraint_comparison/y3_bayes_extended_macros.tex,-0.4210,B,Phase 3,verdict-dependent (term)
\bayesErrLlmDeltaAset,evidence_pack/constraint_comparison/y3_bayes_extended_macros.tex,-0.0239,B,Phase 3,verdict-dependent (delta)
\bayesErrLlmDeltaNord,evidence_pack/constraint_comparison/y3_bayes_extended_macros.tex,-0.0030,B,Phase 3,verdict-dependent (delta)
\bayesErrLlmDeltaNctx,evidence_pack/constraint_comparison/y3_bayes_extended_macros.tex,-0.0030,B,Phase 3,verdict-dependent (delta)
\piYThreshMinAbsTau,evidence_pack/constraint_comparison/y3_threshold_sweep_macros.tex,0.0279,B,Phase 3,default (unclassified)
\piYThreshMaxAbsTau,evidence_pack/constraint_comparison/y3_threshold_sweep_macros.tex,0.0572,B,Phase 3,default (unclassified)
\cresElevenPass,evidence_pack/cres_11/cres_11_macros.tex,1,B,Phase 2,verdict-dependent (cres)
\cresElevenWarn,evidence_pack/cres_11/cres_11_macros.tex,3,B,Phase 3,verdict-dependent (cres)
\cresElevenFail,evidence_pack/cres_11/cres_11_macros.tex,6,B,Phase 3,verdict-dependent (fa)
\cresElevenPending,evidence_pack/cres_11/cres_11_macros.tex,0,B,Phase 3,verdict-dependent (cres)
\cresElevenTotal,evidence_pack/cres_11/cres_11_macros.tex,10,B,Phase 3,verdict-dependent (cres)
\cresTwelveSpearman,evidence_pack/cres_12/cres_12_macros.tex,0.059,B,Phase 3,verdict-dependent (cres)
\cresTwelveJaccard,evidence_pack/cres_12/cres_12_macros.tex,0.217,B,Phase 3,verdict-dependent (cres)
\cresTwelveKendall,evidence_pack/cres_12/cres_12_macros.tex,0.460,B,Phase 3,verdict-dependent (cres)
\cresTwelveReversals,evidence_pack/cres_12/cres_12_macros.tex,18,B,Phase 3,verdict-dependent (cres)
\cresTwelveMaxDepth,evidence_pack/cres_12/cres_12_macros.tex,5,B,Phase 3,verdict-dependent (cres)
\cresThirteenTotalTokens,evidence_pack/cres_13/cres_13_macros.tex,"505,336,581",B,Phase 3,verdict-dependent (hi)
\cresThirteenMedianTokensPerEp,evidence_pack/cres_13/cres_13_macros.tex,29763,B,Phase 3,verdict-dependent (hi)
\cresOneAKappa,evidence_pack/cres_1a/cres_1a_macros.tex,0.030,B,Phase 3,verdict-dependent (kappa)
\cresOneAKappaCI,evidence_pack/cres_1a/cres_1a_macros.tex,0.014--0.045,B,Phase 3,verdict-dependent (kappa)
\cresOneAAgreement,evidence_pack/cres_1a/cres_1a_macros.tex,50.1,B,Phase 3,verdict-dependent (cres)
\cresOneAN,evidence_pack/cres_1a/cres_1a_macros.tex,14826,B,Phase 3,verdict-dependent (cres)
\cresOneATCCPassRate,evidence_pack/cres_1a/cres_1a_macros.tex,51.6,B,Phase 2,verdict-dependent (cres)
\cresOneAFreePassRate,evidence_pack/cres_1a/cres_1a_macros.tex,6.1,B,Phase 2,verdict-dependent (cres)
\cresOneATP,evidence_pack/cres_1a/cres_1a_macros.tex,578,B,Phase 3,verdict-dependent (cres)
\cresOneATN,evidence_pack/cres_1a/cres_1a_macros.tex,6853,B,Phase 3,verdict-dependent (cres)
\cresOneAFP,evidence_pack/cres_1a/cres_1a_macros.tex,322,B,Phase 3,verdict-dependent (cres)
\cresOneAFN,evidence_pack/cres_1a/cres_1a_macros.tex,7073,B,Phase 3,verdict-dependent (cres)
\cresOneATokens,evidence_pack/cres_1a/cres_1a_macros.tex,27.6M,B,Phase 3,verdict-dependent (cres)
\cresOneCMedian,evidence_pack/cres_1c/cres_1c_macros.tex,100.0,B,Phase 3,verdict-dependent (cres)
\cresOneCMean,evidence_pack/cres_1c/cres_1c_macros.tex,91.8,B,Phase 3,verdict-dependent (cres)
\cresOneCIQRLow,evidence_pack/cres_1c/cres_1c_macros.tex,94.0,B,Phase 3,verdict-dependent (cres)
\cresOneCIQRHigh,evidence_pack/cres_1c/cres_1c_macros.tex,100.0,B,Phase 3,verdict-dependent (hi)
\cresOneCAbove,evidence_pack/cres_1c/cres_1c_macros.tex,81.5,B,Phase 3,verdict-dependent (cres)
\cresOneCNPert,evidence_pack/cres_1c/cres_1c_macros.tex,200,B,Phase 3,verdict-dependent (cres)
\cresOneCNTraces,evidence_pack/cres_1c/cres_1c_macros.tex,2000,B,Phase 3,verdict-dependent (cres)
\cresOneDNEpisodes,evidence_pack/cres_1d/cres_1d_macros.tex,14826,B,Phase 3,verdict-dependent (cres)
\cresOneDNFeatures,evidence_pack/cres_1d/cres_1d_macros.tex,49,B,Phase 3,verdict-dependent (cres)
\cresOneDAUCFull,evidence_pack/cres_1d/cres_1d_macros.tex,0.995,B,Phase 3,verdict-dependent (cres)
\cresOneDAUCFullStd,evidence_pack/cres_1d/cres_1d_macros.tex,0.000,B,Phase 3,verdict-dependent (cres)
\cresOneDAUCASC,evidence_pack/cres_1d/cres_1d_macros.tex,0.947,B,Phase 3,verdict-dependent (cres)
\cresOneDAUCASCStd,evidence_pack/cres_1d/cres_1d_macros.tex,0.002,B,Phase 3,verdict-dependent (cres)
\cresOneDDeltaAUC,evidence_pack/cres_1d/cres_1d_macros.tex,+0.048,B,Phase 3,verdict-dependent (cres)
\cresOneDDeltaAUCLo,evidence_pack/cres_1d/cres_1d_macros.tex,+0.039,B,Phase 3,verdict-dependent (cres)
\cresOneDDeltaAUCHi,evidence_pack/cres_1d/cres_1d_macros.tex,+0.044,B,Phase 3,verdict-dependent (hi)
\cresOneDTopFeature,evidence_pack/cres_1d/cres_1d_macros.tex,n\_med\_actions,B,Phase 3,verdict-dependent (cres)
\cresOneDCovFreeAUC,evidence_pack/cres_1d/cres_1d_macros.tex,0.994,B,Phase 3,verdict-dependent (cres)
\cresOneDCovFreeStd,evidence_pack/cres_1d/cres_1d_macros.tex,0.001,B,Phase 3,verdict-dependent (cres)
\cresOneDCovFreeNFeatures,evidence_pack/cres_1d/cres_1d_macros.tex,33,B,Phase 3,verdict-dependent (cres)
\cresOneDDeltaCovFreeASC,evidence_pack/cres_1d/cres_1d_macros.tex,+0.047,B,Phase 3,verdict-dependent (cres)
\cresOneDDeltaCovFreeASCLo,evidence_pack/cres_1d/cres_1d_macros.tex,+0.039,B,Phase 3,verdict-dependent (cres)
\cresOneDDeltaCovFreeASCHi,evidence_pack/cres_1d/cres_1d_macros.tex,+0.044,B,Phase 3,verdict-dependent (hi)
\cresOneEAgreement,evidence_pack/cres_1e/cres_1e_macros.tex,0.021,B,Phase 3,verdict-dependent (cres)
\cresOneEKappa,evidence_pack/cres_1e/cres_1e_macros.tex,-0.844,B,Phase 3,verdict-dependent (kappa)
\cresOneEWrongPassRate,evidence_pack/cres_1e/cres_1e_macros.tex,0.484,B,Phase 2,verdict-dependent (cres)
\cresOneEMcNemarP,evidence_pack/cres_1e/cres_1e_macros.tex,0.00e+00,B,Phase 3,verdict-dependent (cres)
\cresOneEScrambledKappa,evidence_pack/cres_1e/cres_1e_macros.tex,-0.761,B,Phase 3,verdict-dependent (kappa)
\cresOneEOverallAgreement,evidence_pack/cres_1e/cres_1e_macros.tex,0.000,B,Phase 3,verdict-dependent (cres)
\cresFourDeltaretrievalcostrulebased,evidence_pack/cres_4/cres_4_macros.tex,+19.9,B,Phase 3,verdict-dependent (cres)
\cresFourDeltaretrievalcostllm,evidence_pack/cres_4/cres_4_macros.tex,-0.9,B,Phase 3,verdict-dependent (cres)
\cresFourDeltareasoningmodalityfull,evidence_pack/cres_4/cres_4_macros.tex,-24.1,B,Phase 3,verdict-dependent (cres)
\cresFiveEtaSq,evidence_pack/cres_5/cres_5_macros.tex,0.072,B,Phase 3,verdict-dependent (cres)
\cresFiveEtaSqCI,evidence_pack/cres_5/cres_5_macros.tex,0.069--0.076,B,Phase 3,verdict-dependent (cres)
\cresFiveEtaRun,evidence_pack/cres_5/cres_5_macros.tex,0.0515,B,Phase 3,verdict-dependent (cres)
\cresFiveCohenF,evidence_pack/cres_5/cres_5_macros.tex,0.078,B,Phase 3,verdict-dependent (cres)
\cresFiveCohenFCI,evidence_pack/cres_5/cres_5_macros.tex,0.074--0.083,B,Phase 3,verdict-dependent (cres)
\cresFiveCliffDelta,evidence_pack/cres_5/cres_5_macros.tex,-0.225,B,Phase 3,verdict-dependent (cres)
\cresFiveCliffDeltaCI,evidence_pack/cres_5/cres_5_macros.tex,-0.237---0.214,B,Phase 3,verdict-dependent (cres)
\cresFiveVPC,evidence_pack/cres_5/cres_5_macros.tex,0.072,B,Phase 3,verdict-dependent (cres)
\cresFiveVPCCI,evidence_pack/cres_5/cres_5_macros.tex,0.069--0.076,B,Phase 3,verdict-dependent (cres)
\cresFiveRankBiserial,evidence_pack/cres_5/cres_5_macros.tex,-0.153,B,Phase 3,verdict-dependent (cres)
\cresFiveRankBiserialCI,evidence_pack/cres_5/cres_5_macros.tex,-0.171---0.134,B,Phase 3,verdict-dependent (cres)
\cresFiveNullRatio,evidence_pack/cres_5/cres_5_macros.tex,1479.69,B,Phase 3,verdict-dependent (cres)
\cresFiveNullRatioCI,evidence_pack/cres_5/cres_5_macros.tex,0.0000--0.0001,B,Phase 3,verdict-dependent (cres)
\cresFivePartialEtaSq,evidence_pack/cres_5_expansion/cres_5_expansion_macros.tex,0.0999,B,Phase 3,verdict-dependent (cres)
\cresFiveOmegaSq,evidence_pack/cres_5_expansion/cres_5_expansion_macros.tex,0.0724,B,Phase 3,verdict-dependent (cres)
\cresFiveFleissKappa,evidence_pack/cres_5_expansion/cres_5_expansion_macros.tex,0.0326,B,Phase 3,verdict-dependent (kappa)
\cresFivePostHocPower,evidence_pack/cres_5_expansion/cres_5_expansion_macros.tex,1.0000,B,Phase 3,verdict-dependent (cres)
\cresFiveMdeEtaSq,evidence_pack/cres_5_expansion/cres_5_expansion_macros.tex,0.00018,B,Phase 3,verdict-dependent (cres)
\cresSixN,evidence_pack/cres_6/cres_6_macros.tex,17,B,Phase 3,verdict-dependent (cres)
\cresSixTargetN,evidence_pack/cres_6/cres_6_macros.tex,180,B,Phase 3,verdict-dependent (cres)
\cresSixACProxyUpperPct,evidence_pack/cres_6/cres_6_macros.tex,18.4,B,Phase 3,verdict-dependent (cres)
\cresSixCGABenchLowerPct,evidence_pack/cres_6/cres_6_macros.tex,81.6,B,Phase 3,verdict-dependent (cga)
\cresSixReqNTwoPctUpper,evidence_pack/cres_6/cres_6_macros.tex,189,B,Phase 3,verdict-dependent (cres)
\cresSixReqNThreePctUpper,evidence_pack/cres_6/cres_6_macros.tex,125,B,Phase 3,verdict-dependent (cres)
\cresSixExpN,evidence_pack/cres_6_expansion/cres_6_expansion_macros.tex,288,B,Phase 3,verdict-dependent (cres)
\cresSixExpNScenarios,evidence_pack/cres_6_expansion/cres_6_expansion_macros.tex,128,B,Phase 3,verdict-dependent (cres)
\cresSixExpTargetMet,evidence_pack/cres_6_expansion/cres_6_expansion_macros.tex,true,B,Phase 3,verdict-dependent (cres)
\cresSixExpCGADetectPct,evidence_pack/cres_6_expansion/cres_6_expansion_macros.tex,100.0,B,Phase 3,verdict-dependent (cga)
\cresSixExpCGAUpperPct,evidence_pack/cres_6_expansion/cres_6_expansion_macros.tex,100.0,B,Phase 3,verdict-dependent (cga)
\cresSixExpACUpperPct,evidence_pack/cres_6_expansion/cres_6_expansion_macros.tex,1.3,B,Phase 3,verdict-dependent (cres)
\cresSixExpPrevN,evidence_pack/cres_6_expansion/cres_6_expansion_macros.tex,17,B,Phase 3,verdict-dependent (cres)
\cresSixExpPrevWilsonUpper,evidence_pack/cres_6_expansion/cres_6_expansion_macros.tex,18.4,B,Phase 3,verdict-dependent (cres)
\cresSevenClassA,evidence_pack/cres_7/cres_7_macros.tex,0,B,Phase 3,verdict-dependent (cres)
\cresSevenClassB,evidence_pack/cres_7/cres_7_macros.tex,2365,B,Phase 3,verdict-dependent (cres)
\cresSevenClassBFrac,evidence_pack/cres_7/cres_7_macros.tex,0.330,B,Phase 3,verdict-dependent (cres)
\cresSevenASCFA,evidence_pack/cres_7/cres_7_macros.tex,5999,B,Phase 3,verdict-dependent (fa)
\cresSevenInvisiblePct,evidence_pack/cres_7/cres_7_macros.tex,33.0,B,Phase 3,verdict-dependent (cres)
\cresSevenASCFAClassBFrac,evidence_pack/cres_7/cres_7_macros.tex,0.332,B,Phase 3,verdict-dependent (fa)
\cresSevenPAFFA,evidence_pack/cres_7/cres_7_macros.tex,4129,B,Phase 3,verdict-dependent (paf)
\cresSevenPAFInsufFrac,evidence_pack/cres_7/cres_7_macros.tex,0.022,B,Phase 3,verdict-dependent (paf)
\cresNineTOSTPass,evidence_pack/cres_9/cres_9_macros.tex,3,B,Phase 2,verdict-dependent (cres)
\cresNineTOSTTotal,evidence_pack/cres_9/cres_9_macros.tex,6,B,Phase 3,verdict-dependent (cres)
\cresNineMDE,evidence_pack/cres_9/cres_9_macros.tex,0.5,B,Phase 3,verdict-dependent (cres)
\cresNineMaxDelta,evidence_pack/cres_9/cres_9_macros.tex,4.0,B,Phase 3,verdict-dependent (cres)
\cresNineEpsilon,evidence_pack/cres_9/cres_9_macros.tex,3,B,Phase 3,verdict-dependent (cres)
\cresNineTotalEquiv,evidence_pack/cres_9/cres_9_macros.tex,7,B,Phase 3,verdict-dependent (cres)
\cresNineTotalTests,evidence_pack/cres_9/cres_9_macros.tex,36,B,Phase 3,verdict-dependent (cres)
\cresNineQwenEquiv,evidence_pack/cres_9/cres_9_macros.tex,1,B,Phase 3,verdict-dependent (cres)
\cresNineQwenMaxDelta,evidence_pack/cres_9/cres_9_macros.tex,21.7,B,Phase 3,verdict-dependent (cres)
\ablationPassFull,evidence_pack/ex15_constraint_ablation/ex15_macros.tex,21.4,B,Phase 2,verdict-dependent (ablation)
\ablationPassActionOnly,evidence_pack/ex15_constraint_ablation/ex15_macros.tex,33.1,B,Phase 2,verdict-dependent (ablation)
\ablationPassNoTiming,evidence_pack/ex15_constraint_ablation/ex15_macros.tex,32.5,B,Phase 2,verdict-dependent (ablation)
\ablationPassNoOrder,evidence_pack/ex15_constraint_ablation/ex15_macros.tex,21.4,B,Phase 2,verdict-dependent (ablation)
\ablationGapActionFull,evidence_pack/ex15_constraint_ablation/ex15_macros.tex,11.7,B,Phase 3,verdict-dependent (ablation)
\ablationDisagreeN,evidence_pack/ex15_constraint_ablation/ex15_macros.tex,1863,B,Phase 3,verdict-dependent (ablation)
\ablationDisagreePct,evidence_pack/ex15_constraint_ablation/ex15_macros.tex,11.8,B,Phase 3,verdict-dependent (ablation)
\ablationTimingCause,evidence_pack/ex15_constraint_ablation/ex15_macros.tex,3433,B,Phase 3,verdict-dependent (ablation)
\ablationSequenceCause,evidence_pack/ex15_constraint_ablation/ex15_macros.tex,101,B,Phase 3,verdict-dependent (ablation)
\traceSourceRate,evidence_pack/ex16_source_traceability/ex16_macros.tex,100.0,B,Phase 3,verdict-dependent (rate)
\traceEvidenceRate,evidence_pack/ex16_source_traceability/ex16_macros.tex,100.0,B,Phase 3,verdict-dependent (rate)
\traceTotalConstraints,evidence_pack/ex16_source_traceability/ex16_macros.tex,1306,B,Phase 3,default (unclassified)
\exOneJudgeA,evidence_pack/ex1_llm_judge_3judge/ex1_3judge_macros.tex,Qwen3.5-35B,B,Phase 4,verdict-dependent (judge)
\exOneJudgeB,evidence_pack/ex1_llm_judge_3judge/ex1_3judge_macros.tex,Gemma4-31B,B,Phase 4,verdict-dependent (judge)
\exOneJudgeC,evidence_pack/ex1_llm_judge_3judge/ex1_3judge_macros.tex,Nemotron3-30B,B,Phase 4,verdict-dependent (judge)
\exOneNJudges,evidence_pack/ex1_llm_judge_3judge/ex1_3judge_macros.tex,3,B,Phase 4,verdict-dependent (judge)
\exOneNEpisodes,evidence_pack/ex1_llm_judge_3judge/ex1_3judge_macros.tex,500,B,Phase 3,default (unclassified)
\exOneNCalls,evidence_pack/ex1_llm_judge_3judge/ex1_3judge_macros.tex,6000,B,Phase 3,default (unclassified)
\exOneTthreePoneRange,evidence_pack/ex1_llm_judge_3judge/ex1_3judge_macros.tex,24.6,B,Phase 3,default (unclassified)
\exOneQwenDeltaPone,evidence_pack/ex1_llm_judge_3judge/ex1_3judge_macros.tex,17.4,B,Phase 3,verdict-dependent (delta)
\exOneGemmaDeltaPone,evidence_pack/ex1_llm_judge_3judge/ex1_3judge_macros.tex,10.4,B,Phase 3,verdict-dependent (delta)
\exOneNemoDeltaPone,evidence_pack/ex1_llm_judge_3judge/ex1_3judge_macros.tex,27.0,B,Phase 3,verdict-dependent (model)
\exOneQwenTthreePtwoFA,evidence_pack/ex1_llm_judge_3judge/ex1_3judge_macros.tex,2.6,B,Phase 3,verdict-dependent (fa)
\exOneGemmaTthreePtwoFA,evidence_pack/ex1_llm_judge_3judge/ex1_3judge_macros.tex,26.4,B,Phase 3,verdict-dependent (fa)
\exOneNemoTthreePtwoFA,evidence_pack/ex1_llm_judge_3judge/ex1_3judge_macros.tex,21.6,B,Phase 3,verdict-dependent (fa)
\exOneQwenDeltaPtwo,evidence_pack/ex1_llm_judge_3judge/ex1_3judge_macros.tex,11.0,B,Phase 3,verdict-dependent (delta)
\exOneGemmaDeltaPtwo,evidence_pack/ex1_llm_judge_3judge/ex1_3judge_macros.tex,17.0,B,Phase 3,verdict-dependent (delta)
\exOneNemoDeltaPtwo,evidence_pack/ex1_llm_judge_3judge/ex1_3judge_macros.tex,32.4,B,Phase 3,verdict-dependent (model)
\exOneQwenAggrTtwo,evidence_pack/ex1_llm_judge_3judge/ex1_3judge_macros.tex,30.7,B,Phase 3,default (unclassified)
\exOneGemmaAggrTtwo,evidence_pack/ex1_llm_judge_3judge/ex1_3judge_macros.tex,42.3,B,Phase 3,verdict-dependent (gemma)
\exOneNemoAggrTtwo,evidence_pack/ex1_llm_judge_3judge/ex1_3judge_macros.tex,51.2,B,Phase 3,default (unclassified)
\exOneQwenAggrTthree,evidence_pack/ex1_llm_judge_3judge/ex1_3judge_macros.tex,18.5,B,Phase 3,default (unclassified)
\exOneGemmaAggrTthree,evidence_pack/ex1_llm_judge_3judge/ex1_3judge_macros.tex,25.9,B,Phase 3,verdict-dependent (gemma)
\exOneNemoAggrTthree,evidence_pack/ex1_llm_judge_3judge/ex1_3judge_macros.tex,31.0,B,Phase 3,default (unclassified)
\exOneQwenAggrDelta,evidence_pack/ex1_llm_judge_3judge/ex1_3judge_macros.tex,12.2,B,Phase 3,verdict-dependent (delta)
\exOneGemmaAggrDelta,evidence_pack/ex1_llm_judge_3judge/ex1_3judge_macros.tex,16.4,B,Phase 3,verdict-dependent (delta)
\exOneNemoAggrDelta,evidence_pack/ex1_llm_judge_3judge/ex1_3judge_macros.tex,20.2,B,Phase 3,verdict-dependent (delta)
\exOneDeltaRangeMin,evidence_pack/ex1_llm_judge_3judge/ex1_3judge_macros.tex,10.4,B,Phase 3,verdict-dependent (delta)
\exOneDeltaRangeMax,evidence_pack/ex1_llm_judge_3judge/ex1_3judge_macros.tex,27.0,B,Phase 3,verdict-dependent (delta)
\exOneInterJudgeGapTthree,evidence_pack/ex1_llm_judge_3judge/ex1_3judge_macros.tex,24.6,B,Phase 4,verdict-dependent (judge)
\exOneAllDeltaPositive,evidence_pack/ex1_llm_judge_3judge/ex1_3judge_macros.tex,9/9,B,Phase 3,verdict-dependent (delta)
\wEightAOFAReact,evidence_pack/ex_w8_crossmodel/w8_scaffold_macros.tex,19.4,B,Phase 3,verdict-dependent (fa)
\wEightFlipReact,evidence_pack/ex_w8_crossmodel/w8_scaffold_macros.tex,83.8,B,Phase 3,verdict-dependent (weight)
\wEightACReact,evidence_pack/ex_w8_crossmodel/w8_scaffold_macros.tex,79.1,B,Phase 3,verdict-dependent (weight)
\wEightMABReact,evidence_pack/ex_w8_crossmodel/w8_scaffold_macros.tex,52.8,B,Phase 3,verdict-dependent (weight)
\wEightCGAReact,evidence_pack/ex_w8_crossmodel/w8_scaffold_macros.tex,48.9,B,Phase 3,verdict-dependent (cga)
\wEightAOFADirect,evidence_pack/ex_w8_crossmodel/w8_scaffold_macros.tex,17.5,B,Phase 3,verdict-dependent (fa)
\wEightFlipDirect,evidence_pack/ex_w8_crossmodel/w8_scaffold_macros.tex,83.9,B,Phase 3,verdict-dependent (weight)
\wEightACDirect,evidence_pack/ex_w8_crossmodel/w8_scaffold_macros.tex,80.8,B,Phase 3,verdict-dependent (weight)
\wEightMABDirect,evidence_pack/ex_w8_crossmodel/w8_scaffold_macros.tex,54.7,B,Phase 3,verdict-dependent (weight)
\wEightCGADirect,evidence_pack/ex_w8_crossmodel/w8_scaffold_macros.tex,42.1,B,Phase 3,verdict-dependent (cga)
\wEightAOFAChecklist,evidence_pack/ex_w8_crossmodel/w8_scaffold_macros.tex,19.0,B,Phase 3,verdict-dependent (fa)
\wEightFlipChecklist,evidence_pack/ex_w8_crossmodel/w8_scaffold_macros.tex,82.3,B,Phase 3,verdict-dependent (weight)
\wEightACChecklist,evidence_pack/ex_w8_crossmodel/w8_scaffold_macros.tex,82.0,B,Phase 3,verdict-dependent (weight)
\wEightMABChecklist,evidence_pack/ex_w8_crossmodel/w8_scaffold_macros.tex,55.6,B,Phase 3,verdict-dependent (weight)
\wEightCGAChecklist,evidence_pack/ex_w8_crossmodel/w8_scaffold_macros.tex,45.6,B,Phase 3,verdict-dependent (cga)
\wEightAOFATooluse,evidence_pack/ex_w8_crossmodel/w8_scaffold_macros.tex,19.1,B,Phase 3,verdict-dependent (fa)
\wEightFlipTooluse,evidence_pack/ex_w8_crossmodel/w8_scaffold_macros.tex,84.1,B,Phase 3,verdict-dependent (weight)
\wEightACTooluse,evidence_pack/ex_w8_crossmodel/w8_scaffold_macros.tex,62.9,B,Phase 3,verdict-dependent (weight)
\wEightMABTooluse,evidence_pack/ex_w8_crossmodel/w8_scaffold_macros.tex,38.7,B,Phase 3,verdict-dependent (weight)
\wEightCGATooluse,evidence_pack/ex_w8_crossmodel/w8_scaffold_macros.tex,56.4,B,Phase 3,verdict-dependent (cga)
\wEightAOFAMin,evidence_pack/ex_w8_crossmodel/w8_scaffold_macros.tex,17.5,B,Phase 3,verdict-dependent (fa)
\wEightAOFAMax,evidence_pack/ex_w8_crossmodel/w8_scaffold_macros.tex,19.4,B,Phase 3,verdict-dependent (fa)
\wEightAOFARange,evidence_pack/ex_w8_crossmodel/w8_scaffold_macros.tex,1.9,B,Phase 3,verdict-dependent (fa)
\wEightN,evidence_pack/ex_w8_crossmodel/w8_scaffold_macros.tex,8472,B,Phase 3,verdict-dependent (weight)
\wEightNPerScaffold,evidence_pack/ex_w8_crossmodel/w8_scaffold_macros.tex,2118,B,Phase 3,verdict-dependent (scaffold)
\wEightFriedmanChi,evidence_pack/ex_w8_crossmodel/w8_scaffold_macros.tex,1.0,B,Phase 3,verdict-dependent (hi)
\wEightFriedmanP,evidence_pack/ex_w8_crossmodel/w8_scaffold_macros.tex,0.8013,B,Phase 3,verdict-dependent (weight)
\wEightKendallW,evidence_pack/ex_w8_crossmodel/w8_scaffold_macros.tex,0.1111,B,Phase 3,verdict-dependent (weight)
\wEightCochranQ,evidence_pack/ex_w8_crossmodel/w8_scaffold_macros.tex,6.108,B,Phase 3,verdict-dependent (cochran)
\wEightCochranP,evidence_pack/ex_w8_crossmodel/w8_scaffold_macros.tex,0.106471,B,Phase 3,verdict-dependent (cochran)
\wEightCochranN,evidence_pack/ex_w8_crossmodel/w8_scaffold_macros.tex,2118,B,Phase 3,verdict-dependent (cochran)
\xOneNTriplets,evidence_pack/ex_x1_context_swap/ex_x1_context_swap_macros.tex,200,B,Phase 3,default (unclassified)
\xOneNPairs,evidence_pack/ex_x1_context_swap/ex_x1_context_swap_macros.tex,98,B,Phase 3,default (unclassified)
\xOneNEpisodes,evidence_pack/ex_x1_context_swap/ex_x1_context_swap_macros.tex,1438,B,Phase 3,default (unclassified)
\xOneTccFlipRate,evidence_pack/ex_x1_context_swap/ex_x1_context_swap_macros.tex,0.973,B,Phase 3,verdict-dependent (tcc)
\xOneMorphFlipRate,evidence_pack/ex_x1_context_swap/ex_x1_context_swap_macros.tex,0.000,B,Phase 3,verdict-dependent (or)
\xOneGapMean,evidence_pack/ex_x1_context_swap/ex_x1_context_swap_macros.tex,+0.973,B,Phase 3,verdict-dependent (mean)
\xOneGapLo,evidence_pack/ex_x1_context_swap/ex_x1_context_swap_macros.tex,+0.965,B,Phase 3,verdict-dependent (lo)
\xOneGapHi,evidence_pack/ex_x1_context_swap/ex_x1_context_swap_macros.tex,+0.981,B,Phase 3,verdict-dependent (hi)
\xOneMcNemarStat,evidence_pack/ex_x1_context_swap/ex_x1_context_swap_macros.tex,1399.00,B,Phase 3,default (unclassified)
\xTwoNEpisodes,evidence_pack/ex_x2_causal_intervention/ex_x2_macros.tex,6393,B,Phase 3,default (unclassified)
\xTwoTccFlipRate,evidence_pack/ex_x2_causal_intervention/ex_x2_macros.tex,0.562,B,Phase 3,verdict-dependent (tcc)
\xTwoMorphFlipRate,evidence_pack/ex_x2_causal_intervention/ex_x2_macros.tex,0.147,B,Phase 3,verdict-dependent (or)
\xTwoGapMean,evidence_pack/ex_x2_causal_intervention/ex_x2_macros.tex,+0.416,B,Phase 3,verdict-dependent (mean)
\xTwoGapLo,evidence_pack/ex_x2_causal_intervention/ex_x2_macros.tex,+0.401,B,Phase 3,verdict-dependent (lo)
\xTwoGapHi,evidence_pack/ex_x2_causal_intervention/ex_x2_macros.tex,+0.430,B,Phase 3,verdict-dependent (hi)
\xTwoMcNemarStat,evidence_pack/ex_x2_causal_intervention/ex_x2_macros.tex,2133.47,B,Phase 3,default (unclassified)
\xTwoNEpisodesComm,evidence_pack/ex_x2_causal_intervention/ex_x2_macros.tex,331,B,Phase 3,default (unclassified)
\xTwoTccFlipRateComm,evidence_pack/ex_x2_causal_intervention/ex_x2_macros.tex,0.586,B,Phase 3,verdict-dependent (tcc)
\xTwoMorphFlipRateComm,evidence_pack/ex_x2_causal_intervention/ex_x2_macros.tex,0.178,B,Phase 3,verdict-dependent (or)
\xTwoNEpisodesTimi,evidence_pack/ex_x2_causal_intervention/ex_x2_macros.tex,5892,B,Phase 3,default (unclassified)
\xTwoTccFlipRateTimi,evidence_pack/ex_x2_causal_intervention/ex_x2_macros.tex,0.571,B,Phase 3,verdict-dependent (tcc)
\xTwoMorphFlipRateTimi,evidence_pack/ex_x2_causal_intervention/ex_x2_macros.tex,0.147,B,Phase 3,verdict-dependent (or)
\xTwoNEpisodesSequ,evidence_pack/ex_x2_causal_intervention/ex_x2_macros.tex,170,B,Phase 3,default (unclassified)
\xTwoTccFlipRateSequ,evidence_pack/ex_x2_causal_intervention/ex_x2_macros.tex,0.229,B,Phase 3,verdict-dependent (tcc)
\xTwoMorphFlipRateSequ,evidence_pack/ex_x2_causal_intervention/ex_x2_macros.tex,0.071,B,Phase 3,verdict-dependent (or)
\xTwoNEpisodesSingle,evidence_pack/ex_x2_causal_intervention/ex_x2_macros.tex,3473,B,Phase 3,default (unclassified)
\xTwoTccFlipRateSingle,evidence_pack/ex_x2_causal_intervention/ex_x2_macros.tex,1.000,B,Phase 3,verdict-dependent (tcc)
\xTwoMorphFlipRateSingle,evidence_pack/ex_x2_causal_intervention/ex_x2_macros.tex,0.172,B,Phase 3,verdict-dependent (or)
\xTwoGapMeanSingle,evidence_pack/ex_x2_causal_intervention/ex_x2_macros.tex,+0.828,B,Phase 3,verdict-dependent (mean)
\xTwoNEpisodesMulti,evidence_pack/ex_x2_causal_intervention/ex_x2_macros.tex,2920,B,Phase 3,default (unclassified)
\xTwoTccFlipRateMulti,evidence_pack/ex_x2_causal_intervention/ex_x2_macros.tex,0.042,B,Phase 3,verdict-dependent (tcc)
\xTwoMorphFlipRateMulti,evidence_pack/ex_x2_causal_intervention/ex_x2_macros.tex,0.116,B,Phase 3,verdict-dependent (or)
\xTwoGapMeanMulti,evidence_pack/ex_x2_causal_intervention/ex_x2_macros.tex,-0.074,B,Phase 3,verdict-dependent (mean)
\xTwoPlaceboNEpisodes,evidence_pack/ex_x2_causal_intervention/ex_x2_macros.tex,7175,B,Phase 3,default (unclassified)
\xTwoPlaceboTccFlipRate,evidence_pack/ex_x2_causal_intervention/ex_x2_macros.tex,0.000,B,Phase 3,verdict-dependent (tcc)
\xTwoPlaceboMorphFlipRate,evidence_pack/ex_x2_causal_intervention/ex_x2_macros.tex,0.065,B,Phase 3,verdict-dependent (or)
\xTwoPlaceboGapMean,evidence_pack/ex_x2_causal_intervention/ex_x2_macros.tex,-0.065,B,Phase 3,verdict-dependent (mean)
\xTwoTreatmentMinusPlaceboTcc,evidence_pack/ex_x2_causal_intervention/ex_x2_macros.tex,+0.562,B,Phase 3,verdict-dependent (tcc)
\xNineNCellsTotal,evidence_pack/ex_x9_grid/ex_x9_grid_macros.tex,12,B,Phase 3,default (unclassified)
\xNineNCellsNonDegen,evidence_pack/ex_x9_grid/ex_x9_grid_macros.tex,10,B,Phase 3,default (unclassified)
\xNineNCellsGapNegative,evidence_pack/ex_x9_grid/ex_x9_grid_macros.tex,9,B,Phase 3,verdict-dependent (gap)
\xNineNCellsGapPositive,evidence_pack/ex_x9_grid/ex_x9_grid_macros.tex,1,B,Phase 3,verdict-dependent (gap)
\xNineMeanGap,evidence_pack/ex_x9_grid/ex_x9_grid_macros.tex,-0.390,B,Phase 3,verdict-dependent (mean)
\xNineMeanGapLo,evidence_pack/ex_x9_grid/ex_x9_grid_macros.tex,-0.483,B,Phase 3,verdict-dependent (mean)
\xNineMeanGapHi,evidence_pack/ex_x9_grid/ex_x9_grid_macros.tex,-0.284,B,Phase 3,verdict-dependent (hi)
\xNineNEpisodes,evidence_pack/ex_x9_grid/ex_x9_grid_macros.tex,14946,B,Phase 3,default (unclassified)
\xNineCriterionMet,evidence_pack/ex_x9_grid/ex_x9_grid_macros.tex,true,B,Phase 3,default (unclassified)
\xNineGapOssOneTwoZerobReact,evidence_pack/ex_x9_grid/ex_x9_grid_macros.tex,-0.411,B,Phase 3,verdict-dependent (gap)
\xNineGapOssOneTwoZerobDirect,evidence_pack/ex_x9_grid/ex_x9_grid_macros.tex,-0.482,B,Phase 3,verdict-dependent (gap)
\xNineGapOssOneTwoZerobChecklist,evidence_pack/ex_x9_grid/ex_x9_grid_macros.tex,-0.514,B,Phase 3,verdict-dependent (gap)
\xNineGapOssOneTwoZerobTooluse,evidence_pack/ex_x9_grid/ex_x9_grid_macros.tex,-0.393,B,Phase 3,verdict-dependent (gap)
\xNineGapQwenThreeFivebReact,evidence_pack/ex_x9_grid/ex_x9_grid_macros.tex,+0.011,B,Phase 3,verdict-dependent (gap)
\xNineGapQwenThreeFivebDirect,evidence_pack/ex_x9_grid/ex_x9_grid_macros.tex,-0.493,B,Phase 3,verdict-dependent (gap)
\xNineGapQwenThreeFivebChecklist,evidence_pack/ex_x9_grid/ex_x9_grid_macros.tex,-0.518,B,Phase 3,verdict-dependent (gap)
\xNineGapQwenThreeFivebTooluse,evidence_pack/ex_x9_grid/ex_x9_grid_macros.tex,+0.842,B,Phase 3,verdict-dependent (gap)
\xNineGapGemmaThreeOnebReact,evidence_pack/ex_x9_grid/ex_x9_grid_macros.tex,+0.398,B,Phase 3,verdict-dependent (gemma)
\xNineGapGemmaThreeOnebDirect,evidence_pack/ex_x9_grid/ex_x9_grid_macros.tex,-0.293,B,Phase 3,verdict-dependent (gemma)
\xNineGapGemmaThreeOnebChecklist,evidence_pack/ex_x9_grid/ex_x9_grid_macros.tex,-0.234,B,Phase 3,verdict-dependent (gemma)
\xNineGapGemmaThreeOnebTooluse,evidence_pack/ex_x9_grid/ex_x9_grid_macros.tex,-0.570,B,Phase 3,verdict-dependent (gemma)
\heldoutNModels,evidence_pack/heldout_v1/heldout_macros.tex,6,B,Phase 4,verdict-dependent (model)
\heldoutNEpisodes,evidence_pack/heldout_v1/heldout_macros.tex,972,B,Phase 4,verdict-dependent (heldout)
\heldoutNCoreEpisodes,evidence_pack/heldout_v1/heldout_macros.tex,14826,B,Phase 4,verdict-dependent (heldout)
\heldoutMedianAbsDelta,evidence_pack/heldout_v1/heldout_macros.tex,0.495,B,Phase 4,verdict-dependent (delta)
\heldoutMeanAbsDelta,evidence_pack/heldout_v1/heldout_macros.tex,0.492,B,Phase 4,verdict-dependent (delta)
\heldoutHOnePass,evidence_pack/heldout_v1/heldout_macros.tex,No,B,Phase 2,verdict-dependent (heldout)
\heldoutRankingRho,evidence_pack/heldout_v1/heldout_macros.tex,0.395,B,Phase 4,verdict-dependent (heldout)
\heldoutRankingP,evidence_pack/heldout_v1/heldout_macros.tex,0.4387,B,Phase 4,verdict-dependent (heldout)
\heldoutChiSq,evidence_pack/heldout_v1/heldout_macros.tex,2399.45,B,Phase 4,verdict-dependent (hi)
\heldoutChiSqDof,evidence_pack/heldout_v1/heldout_macros.tex,4,B,Phase 4,verdict-dependent (hi)
\heldoutChiSqP,evidence_pack/heldout_v1/heldout_macros.tex,0.0000,B,Phase 4,verdict-dependent (hi)
\heldoutWilcoxonACProxyP,evidence_pack/heldout_v1/heldout_macros.tex,0.1250,B,Phase 4,verdict-dependent (wilcoxon)
\heldoutWilcoxonMABProxyP,evidence_pack/heldout_v1/heldout_macros.tex,1.0000,B,Phase 4,verdict-dependent (wilcoxon)
\heldoutWilcoxonCGABenchP,evidence_pack/heldout_v1/heldout_macros.tex,0.1250,B,Phase 4,verdict-dependent (cga)
\normMultiNModels,evidence_pack/normalizer_ablation/multimodel_macros.tex,7,B,Phase 3,verdict-dependent (model)
\normMultiNEpisodes,evidence_pack/normalizer_ablation/multimodel_macros.tex,14826,B,Phase 3,verdict-dependent (or)
\normMultiMeanDeltaCovPP,evidence_pack/normalizer_ablation/multimodel_macros.tex,+3.9,B,Phase 3,verdict-dependent (delta)
\normMultiMeanDeltaCompPP,evidence_pack/normalizer_ablation/multimodel_macros.tex,+3.7,B,Phase 3,verdict-dependent (delta)
\normMultiMaxDeltaCompPP,evidence_pack/normalizer_ablation/multimodel_macros.tex,+4.1,B,Phase 3,verdict-dependent (delta)
\normMultiMinDeltaCompPP,evidence_pack/normalizer_ablation/multimodel_macros.tex,+3.2,B,Phase 3,verdict-dependent (delta)
\normMultiRankingRho,evidence_pack/normalizer_ablation/multimodel_macros.tex,1.000,B,Phase 3,verdict-dependent (or)
\normMultiHypothesis,evidence_pack/normalizer_ablation/multimodel_macros.tex,H1,B,Phase 3,verdict-dependent (or)
\normAblationCurrentN,evidence_pack/normalizer_ablation/normalizer_ablation_macros.tex,2118,B,Phase 3,verdict-dependent (ablation)
\normAblationCurrentCoverage,evidence_pack/normalizer_ablation/normalizer_ablation_macros.tex,0.737,B,Phase 3,verdict-dependent (ablation)
\normAblationCurrentCompliance,evidence_pack/normalizer_ablation/normalizer_ablation_macros.tex,0.729,B,Phase 3,verdict-dependent (ablation)
\normAblationStrictN,evidence_pack/normalizer_ablation/normalizer_ablation_macros.tex,2118,B,Phase 3,verdict-dependent (ablation)
\normAblationStrictCoverage,evidence_pack/normalizer_ablation/normalizer_ablation_macros.tex,0.695,B,Phase 3,verdict-dependent (ablation)
\normAblationStrictCompliance,evidence_pack/normalizer_ablation/normalizer_ablation_macros.tex,0.691,B,Phase 3,verdict-dependent (ablation)
\normAblationPatternonlyN,evidence_pack/normalizer_ablation/normalizer_ablation_macros.tex,2118,B,Phase 3,verdict-dependent (ablation)
\normAblationPatternonlyCoverage,evidence_pack/normalizer_ablation/normalizer_ablation_macros.tex,0.696,B,Phase 3,verdict-dependent (ablation)
\normAblationPatternonlyCompliance,evidence_pack/normalizer_ablation/normalizer_ablation_macros.tex,0.692,B,Phase 3,verdict-dependent (ablation)
\normAblationDirectonlyN,evidence_pack/normalizer_ablation/normalizer_ablation_macros.tex,2118,B,Phase 3,verdict-dependent (ablation)
\normAblationDirectonlyCoverage,evidence_pack/normalizer_ablation/normalizer_ablation_macros.tex,0.738,B,Phase 3,verdict-dependent (ablation)
\normAblationDirectonlyCompliance,evidence_pack/normalizer_ablation/normalizer_ablation_macros.tex,0.730,B,Phase 3,verdict-dependent (ablation)
\normAblationDeltaCovPP,evidence_pack/normalizer_ablation/normalizer_ablation_macros.tex,+4.1,B,Phase 3,verdict-dependent (ablation)
\normAblationDeltaCompPP,evidence_pack/normalizer_ablation/normalizer_ablation_macros.tex,+3.8,B,Phase 3,verdict-dependent (ablation)
\normAblationHypothesis,evidence_pack/normalizer_ablation/normalizer_ablation_macros.tex,H1,B,Phase 3,verdict-dependent (ablation)
\normAblationGainedEpisodes,evidence_pack/normalizer_ablation/normalizer_ablation_macros.tex,602,B,Phase 3,verdict-dependent (ablation)
\normAblationGainedMatches,evidence_pack/normalizer_ablation/normalizer_ablation_macros.tex,873,B,Phase 3,verdict-dependent (ablation)
\bayesErrTerm,evidence_pack/theorem_v2/bayes_error_macros.tex,0.436,B,Phase 3,verdict-dependent (term)
\bayesErrAset,evidence_pack/theorem_v2/bayes_error_macros.tex,0.024,B,Phase 3,verdict-dependent (bayes)
\bayesErrNord,evidence_pack/theorem_v2/bayes_error_macros.tex,0.003,B,Phase 3,verdict-dependent (bayes)
\bayesErrNctx,evidence_pack/theorem_v2/bayes_error_macros.tex,0.003,B,Phase 3,verdict-dependent (bayes)
\bayesErrMixedFracTerm,evidence_pack/theorem_v2/bayes_error_macros.tex,100.0\%,B,Phase 3,verdict-dependent (term)
\bayesErrMixedFracAset,evidence_pack/theorem_v2/bayes_error_macros.tex,9.8\%,B,Phase 3,verdict-dependent (bayes)
\bayesErrMixedFracNord,evidence_pack/theorem_v2/bayes_error_macros.tex,1.0\%,B,Phase 3,verdict-dependent (bayes)
\bayesErrMixedFracNctx,evidence_pack/theorem_v2/bayes_error_macros.tex,1.0\%,B,Phase 3,verdict-dependent (bayes)
\bayesErrNEpisodes,evidence_pack/theorem_v2/bayes_error_macros.tex,"14{,",B,Phase 3,verdict-dependent (bayes)
\bayesErrTermCI,evidence_pack/theorem_v2/bayes_error_macros.tex,"[0.428,\,0.444]",B,Phase 3,verdict-dependent (term)
\bayesErrAsetCI,evidence_pack/theorem_v2/bayes_error_macros.tex,"[0.019,\,0.024]",B,Phase 3,verdict-dependent (ci)
\bayesErrNordCI,evidence_pack/theorem_v2/bayes_error_macros.tex,"[0.002,\,0.003]",B,Phase 3,verdict-dependent (ci)
\bayesErrNctxCI,evidence_pack/theorem_v2/bayes_error_macros.tex,"[0.002,\,0.003]",B,Phase 3,verdict-dependent (ci)
\bayesErrCoordTermOmit,evidence_pack/theorem_v2/bayes_error_macros.tex,0.299,B,Phase 3,verdict-dependent (term)
\bayesErrCoordTermOmitCI,evidence_pack/theorem_v2/bayes_error_macros.tex,"[0.292,\,0.306]",B,Phase 3,verdict-dependent (term)
\bayesErrCoordTermCommit,evidence_pack/theorem_v2/bayes_error_macros.tex,0.095,B,Phase 3,verdict-dependent (term)
\bayesErrCoordTermCommitCI,evidence_pack/theorem_v2/bayes_error_macros.tex,"[0.091,\,0.099]",B,Phase 3,verdict-dependent (term)
\bayesErrCoordTermTime,evidence_pack/theorem_v2/bayes_error_macros.tex,0.429,B,Phase 3,verdict-dependent (term)
\bayesErrCoordTermTimeCI,evidence_pack/theorem_v2/bayes_error_macros.tex,"[0.420,\,0.436]",B,Phase 3,verdict-dependent (term)
\bayesErrCoordTermSeq,evidence_pack/theorem_v2/bayes_error_macros.tex,0.018,B,Phase 3,verdict-dependent (term)
\bayesErrCoordTermSeqCI,evidence_pack/theorem_v2/bayes_error_macros.tex,"[0.017,\,0.021]",B,Phase 3,verdict-dependent (term)
\bayesErrCoordTermDev,evidence_pack/theorem_v2/bayes_error_macros.tex,0.121,B,Phase 3,verdict-dependent (term)
\bayesErrCoordTermDevCI,evidence_pack/theorem_v2/bayes_error_macros.tex,"[0.116,\,0.127]",B,Phase 3,verdict-dependent (term)
\bayesErrCoordAsetOmit,evidence_pack/theorem_v2/bayes_error_macros.tex,0.109,B,Phase 3,verdict-dependent (tom)
\bayesErrCoordAsetOmitCI,evidence_pack/theorem_v2/bayes_error_macros.tex,"[0.095,\,0.104]",B,Phase 3,verdict-dependent (ci)
\bayesErrCoordAsetCommit,evidence_pack/theorem_v2/bayes_error_macros.tex,0.018,B,Phase 3,verdict-dependent (bayes)
\bayesErrCoordAsetCommitCI,evidence_pack/theorem_v2/bayes_error_macros.tex,"[0.014,\,0.018]",B,Phase 3,verdict-dependent (ci)
\bayesErrCoordAsetTime,evidence_pack/theorem_v2/bayes_error_macros.tex,0.018,B,Phase 3,verdict-dependent (bayes)
\bayesErrCoordAsetTimeCI,evidence_pack/theorem_v2/bayes_error_macros.tex,"[0.014,\,0.018]",B,Phase 3,verdict-dependent (ci)
\bayesErrCoordAsetSeq,evidence_pack/theorem_v2/bayes_error_macros.tex,0.002,B,Phase 3,verdict-dependent (bayes)
\bayesErrCoordAsetSeqCI,evidence_pack/theorem_v2/bayes_error_macros.tex,"[0.001,\,0.002]",B,Phase 3,verdict-dependent (ci)
\bayesErrCoordAsetDev,evidence_pack/theorem_v2/bayes_error_macros.tex,0.020,B,Phase 3,verdict-dependent (bayes)
\bayesErrCoordAsetDevCI,evidence_pack/theorem_v2/bayes_error_macros.tex,"[0.017,\,0.021]",B,Phase 3,verdict-dependent (ci)
\bayesErrCoordNordOmit,evidence_pack/theorem_v2/bayes_error_macros.tex,0.031,B,Phase 3,verdict-dependent (bayes)
\bayesErrCoordNordOmitCI,evidence_pack/theorem_v2/bayes_error_macros.tex,"[0.024,\,0.029]",B,Phase 3,verdict-dependent (ci)
\bayesErrCoordNordCommit,evidence_pack/theorem_v2/bayes_error_macros.tex,0.006,B,Phase 3,verdict-dependent (bayes)
\bayesErrCoordNordCommitCI,evidence_pack/theorem_v2/bayes_error_macros.tex,"[0.004,\,0.006]",B,Phase 3,verdict-dependent (ci)
\bayesErrCoordNordTime,evidence_pack/theorem_v2/bayes_error_macros.tex,0.000,B,Phase 3,verdict-dependent (bayes)
\bayesErrCoordNordTimeCI,evidence_pack/theorem_v2/bayes_error_macros.tex,"[0.000,\,0.000]",B,Phase 3,verdict-dependent (ci)
\bayesErrCoordNordSeq,evidence_pack/theorem_v2/bayes_error_macros.tex,0.000,B,Phase 3,verdict-dependent (bayes)
\bayesErrCoordNordSeqCI,evidence_pack/theorem_v2/bayes_error_macros.tex,"[0.000,\,0.000]",B,Phase 3,verdict-dependent (ci)
\bayesErrCoordNordDev,evidence_pack/theorem_v2/bayes_error_macros.tex,0.005,B,Phase 3,verdict-dependent (bayes)
\bayesErrCoordNordDevCI,evidence_pack/theorem_v2/bayes_error_macros.tex,"[0.003,\,0.005]",B,Phase 3,verdict-dependent (ci)
\bayesErrCoordNctxOmit,evidence_pack/theorem_v2/bayes_error_macros.tex,0.028,B,Phase 3,verdict-dependent (bayes)
\bayesErrCoordNctxOmitCI,evidence_pack/theorem_v2/bayes_error_macros.tex,"[0.021,\,0.025]",B,Phase 3,verdict-dependent (ci)
\bayesErrCoordNctxCommit,evidence_pack/theorem_v2/bayes_error_macros.tex,0.005,B,Phase 3,verdict-dependent (bayes)
\bayesErrCoordNctxCommitCI,evidence_pack/theorem_v2/bayes_error_macros.tex,"[0.003,\,0.005]",B,Phase 3,verdict-dependent (ci)
\bayesErrCoordNctxTime,evidence_pack/theorem_v2/bayes_error_macros.tex,0.000,B,Phase 3,verdict-dependent (bayes)
\bayesErrCoordNctxTimeCI,evidence_pack/theorem_v2/bayes_error_macros.tex,"[0.000,\,0.000]",B,Phase 3,verdict-dependent (ci)
\bayesErrCoordNctxSeq,evidence_pack/theorem_v2/bayes_error_macros.tex,0.000,B,Phase 3,verdict-dependent (bayes)
\bayesErrCoordNctxSeqCI,evidence_pack/theorem_v2/bayes_error_macros.tex,"[0.000,\,0.000]",B,Phase 3,verdict-dependent (ci)
\bayesErrCoordNctxDev,evidence_pack/theorem_v2/bayes_error_macros.tex,0.004,B,Phase 3,verdict-dependent (bayes)
\bayesErrCoordNctxDevCI,evidence_pack/theorem_v2/bayes_error_macros.tex,"[0.002,\,0.004]",B,Phase 3,verdict-dependent (ci)
\bayesErrTermOmission,evidence_pack/theorem_v2/bayes_error_macros.tex,\bayesErrCoordTermOmit,B,Phase 3,verdict-dependent (term)
\bayesErrTermCommission,evidence_pack/theorem_v2/bayes_error_macros.tex,\bayesErrCoordTermCommit,B,Phase 3,verdict-dependent (term)
\bayesErrTermTiming,evidence_pack/theorem_v2/bayes_error_macros.tex,\bayesErrCoordTermTime,B,Phase 3,verdict-dependent (term)
\bayesErrTermSequence,evidence_pack/theorem_v2/bayes_error_macros.tex,\bayesErrCoordTermSeq,B,Phase 3,verdict-dependent (term)
\bayesErrTermDeviation,evidence_pack/theorem_v2/bayes_error_macros.tex,\bayesErrCoordTermDev,B,Phase 3,verdict-dependent (term)
\bayesErrAsetOmission,evidence_pack/theorem_v2/bayes_error_macros.tex,\bayesErrCoordAsetOmit,B,Phase 3,verdict-dependent (tom)
\bayesErrAsetCommission,evidence_pack/theorem_v2/bayes_error_macros.tex,\bayesErrCoordAsetCommit,B,Phase 3,verdict-dependent (bayes)
\bayesErrAsetTiming,evidence_pack/theorem_v2/bayes_error_macros.tex,\bayesErrCoordAsetTime,B,Phase 3,verdict-dependent (bayes)
\bayesErrAsetSequence,evidence_pack/theorem_v2/bayes_error_macros.tex,\bayesErrCoordAsetSeq,B,Phase 3,verdict-dependent (bayes)
\bayesErrAsetDeviation,evidence_pack/theorem_v2/bayes_error_macros.tex,\bayesErrCoordAsetDev,B,Phase 3,verdict-dependent (bayes)
\bayesErrNordOmission,evidence_pack/theorem_v2/bayes_error_macros.tex,\bayesErrCoordNordOmit,B,Phase 3,verdict-dependent (bayes)
\bayesErrNordCommission,evidence_pack/theorem_v2/bayes_error_macros.tex,\bayesErrCoordNordCommit,B,Phase 3,verdict-dependent (bayes)
\bayesErrNordTiming,evidence_pack/theorem_v2/bayes_error_macros.tex,\bayesErrCoordNordTime,B,Phase 3,verdict-dependent (bayes)
\bayesErrNordSequence,evidence_pack/theorem_v2/bayes_error_macros.tex,\bayesErrCoordNordSeq,B,Phase 3,verdict-dependent (bayes)
\bayesErrNordDeviation,evidence_pack/theorem_v2/bayes_error_macros.tex,\bayesErrCoordNordDev,B,Phase 3,verdict-dependent (bayes)
\bayesErrNctxOmission,evidence_pack/theorem_v2/bayes_error_macros.tex,\bayesErrCoordNctxOmit,B,Phase 3,verdict-dependent (bayes)
\bayesErrNctxCommission,evidence_pack/theorem_v2/bayes_error_macros.tex,\bayesErrCoordNctxCommit,B,Phase 3,verdict-dependent (bayes)
\bayesErrNctxTiming,evidence_pack/theorem_v2/bayes_error_macros.tex,\bayesErrCoordNctxTime,B,Phase 3,verdict-dependent (bayes)
\bayesErrNctxSequence,evidence_pack/theorem_v2/bayes_error_macros.tex,\bayesErrCoordNctxSeq,B,Phase 3,verdict-dependent (bayes)
\bayesErrNctxDeviation,evidence_pack/theorem_v2/bayes_error_macros.tex,\bayesErrCoordNctxDev,B,Phase 3,verdict-dependent (bayes)
\bayesErrFindingAsetOmissionRatio,evidence_pack/theorem_v2/bayes_error_macros.tex,54.5,B,Phase 3,verdict-dependent (tom)
\tierSNCpgs,evidence_pack/tier_s/tier_s_macros.tex,17,B,Phase 3,verdict-dependent (tier)
\tierSNScenarios,evidence_pack/tier_s/tier_s_macros.tex,535,B,Phase 3,verdict-dependent (ari)
\tierSNEpisodes,evidence_pack/tier_s/tier_s_macros.tex,11235,B,Phase 3,verdict-dependent (tier)
\tierSStrictFA,evidence_pack/tier_s/tier_s_macros.tex,10.1,B,Phase 3,verdict-dependent (fa)
\tierSFlipRate,evidence_pack/tier_s/tier_s_macros.tex,83.2,B,Phase 3,verdict-dependent (flip)
\tierSEtaTwo,evidence_pack/tier_s/tier_s_macros.tex,0.0809,B,Phase 3,verdict-dependent (eta)
\tierSEtaRun,evidence_pack/tier_s/tier_s_macros.tex,0.0613,B,Phase 3,verdict-dependent (eta)
\tierSRatio,evidence_pack/tier_s/tier_s_macros.tex,1.3,B,Phase 3,verdict-dependent (tier)
\tierSPctHard,evidence_pack/tier_s/tier_s_macros.tex,47.9,B,Phase 3,verdict-dependent (pct)
\tierSPassAC,evidence_pack/tier_s/tier_s_macros.tex,73.5,B,Phase 2,verdict-dependent (pass)
\tierSFAAC,evidence_pack/tier_s/tier_s_macros.tex,39.8,B,Phase 3,verdict-dependent (fa)
\tierSBsrAC,evidence_pack/tier_s/tier_s_macros.tex,0.5811,B,Phase 2,verdict-dependent (bsr)
\tierSPassMAB,evidence_pack/tier_s/tier_s_macros.tex,56.0,B,Phase 2,verdict-dependent (pass)
\tierSFAMAB,evidence_pack/tier_s/tier_s_macros.tex,32.9,B,Phase 3,verdict-dependent (fa)
\tierSBsrMAB,evidence_pack/tier_s/tier_s_macros.tex,0.6186,B,Phase 2,verdict-dependent (bsr)
\tierSPassCTwo,evidence_pack/tier_s/tier_s_macros.tex,33.6,B,Phase 2,verdict-dependent (ctwo)
\tierSFACTwo,evidence_pack/tier_s/tier_s_macros.tex,13.1,B,Phase 3,verdict-dependent (fa)
\tierSBsrCTwo,evidence_pack/tier_s/tier_s_macros.tex,0.4457,B,Phase 2,verdict-dependent (ctwo)
\tierSPassCGA,evidence_pack/tier_s/tier_s_macros.tex,52.1,B,Phase 2,verdict-dependent (cga)
\tierSFACGA,evidence_pack/tier_s/tier_s_macros.tex,0.0,B,Phase 3,verdict-dependent (fa)
\tierSBsrCGA,evidence_pack/tier_s/tier_s_macros.tex,0.0,B,Phase 2,verdict-dependent (cga)
\tierSFullStrictFA,evidence_pack/tier_s/tier_s_macros.tex,10.7,B,Phase 3,verdict-dependent (fa)
\tierSFullFlipRate,evidence_pack/tier_s/tier_s_macros.tex,83.5,B,Phase 3,verdict-dependent (flip)
\tierSFullEtaTwo,evidence_pack/tier_s/tier_s_macros.tex,0.0725,B,Phase 3,verdict-dependent (eta)
\tierSFullRatio,evidence_pack/tier_s/tier_s_macros.tex,1.4,B,Phase 3,verdict-dependent (tier)
